{"mean":{"confidence_interval":{"confidence_level":0.95,"lower_bound":2876439.1596388887,"upper_bound":2938291.6958472235},"point_estimate":2909472.718333334,"standard_error":16018.999860659469},"median":{"confidence_interval":{"confidence_level":0.95,"lower_bound":2872392.3541666665,"upper_bound":2963917.49375},"point_estimate":2892418.916666667,"standard_error":25931.121531955054},"median_abs_dev":{"confidence_interval":{"confidence_level":0.95,"lower_bound":115424.13916081225,"upper_bound":194672.18929679456},"point_estimate":172808.92891536152,"standard_error":23516.152351823694},"slope":null,"std_dev":{"confidence_interval":{"confidence_level":0.95,"lower_bound":119178.79960637934,"upper_bound":148446.51323288},"point_estimate":138490.0461839184,"standard_error":7546.41464383014}}