{"mean":{"confidence_interval":{"confidence_level":0.95,"lower_bound":103652265.459,"upper_bound":106851507.08825},"point_estimate":105375686.38,"standard_error":993967.5441648546},"median":{"confidence_interval":{"confidence_level":0.95,"lower_bound":102505511.7375,"upper_bound":107066875.3375},"point_estimate":103495675.5,"standard_error":1194117.1903701515},"median_abs_dev":{"confidence_interval":{"confidence_level":0.95,"lower_bound":6397238.676396311,"upper_bound":11387796.727706194},"point_estimate":8631354.566162825,"standard_error":1234772.9324441638},"slope":null,"std_dev":{"confidence_interval":{"confidence_level":0.95,"lower_bound":8142305.628397371,"upper_bound":10900050.249415942},"point_estimate":9779724.23428827,"standard_error":688216.228484286}}