{"mean":{"confidence_interval":{"confidence_level":0.95,"lower_bound":30480920.155625,"upper_bound":30930151.652999997},"point_estimate":30747137.675,"standard_error":146041.0449228311},"median":{"confidence_interval":{"confidence_level":0.95,"lower_bound":30132163.45625,"upper_bound":30799811.81875},"point_estimate":30594623.75,"standard_error":168204.62588845385},"median_abs_dev":{"confidence_interval":{"confidence_level":0.95,"lower_bound":1202647.4591412395,"upper_bound":1684805.6961624697},"point_estimate":1489733.8741019368,"standard_error":148756.9868389618},"slope":null,"std_dev":{"confidence_interval":{"confidence_level":0.95,"lower_bound":1397258.8640009528,"upper_bound":1787552.96168663},"point_estimate":1618964.8139772124,"standard_error":121755.97155241939}}