{"mean":{"confidence_interval":{"confidence_level":0.95,"lower_bound":433834243.62049997,"upper_bound":520653659.431},"point_estimate":473823028.33,"standard_error":25012738.34664277},"median":{"confidence_interval":{"confidence_level":0.95,"lower_bound":539375001.0,"upper_bound":724997216.0},"point_estimate":722781677.5,"standard_error":67900528.38133134},"median_abs_dev":{"confidence_interval":{"confidence_level":0.95,"lower_bound":10369516.728081778,"upper_bound":288676680.3622419},"point_estimate":26561069.11804676,"standard_error":98035681.0133896},"slope":null,"std_dev":{"confidence_interval":{"confidence_level":0.95,"lower_bound":281657637.59534407,"upper_bound":317371144.30936396},"point_estimate":301052701.268793,"standard_error":9463123.066948786}}