{"mean":{"confidence_interval":{"confidence_level":0.95,"lower_bound":3406439.6846166668,"upper_bound":3474145.524},"point_estimate":3440299.7646666653,"standard_error":17679.22174223672},"median":{"confidence_interval":{"confidence_level":0.95,"lower_bound":3404244.146666667,"upper_bound":3472947.631666667},"point_estimate":3437079.533333333,"standard_error":24216.89895086007},"median_abs_dev":{"confidence_interval":{"confidence_level":0.95,"lower_bound":175638.52862179241,"upper_bound":264415.49691818655},"point_estimate":214258.5776561499,"standard_error":24599.13478477514},"slope":null,"std_dev":{"confidence_interval":{"confidence_level":0.95,"lower_bound":193437.53477596244,"upper_bound":271914.66937905934},"point_estimate":232697.39884859623,"standard_error":21996.019477080703}}