{"mean":{"confidence_interval":{"confidence_level":0.95,"lower_bound":28104019.890625,"upper_bound":29406793.58975},"point_estimate":28661509.89,"standard_error":342810.069187802},"median":{"confidence_interval":{"confidence_level":0.95,"lower_bound":27906420.4,"upper_bound":29147019.625},"point_estimate":28542123.75,"standard_error":396706.47110338474},"median_abs_dev":{"confidence_interval":{"confidence_level":0.95,"lower_bound":2270877.9290701076,"upper_bound":5316917.214499599},"point_estimate":4065731.3132688403,"standard_error":860996.7874793663},"slope":null,"std_dev":{"confidence_interval":{"confidence_level":0.95,"lower_bound":3103893.0168412426,"upper_bound":4375270.546930733},"point_estimate":3920894.128417634,"standard_error":322279.2107127385}}