{"mean":{"confidence_interval":{"confidence_level":0.95,"lower_bound":2802712262.93675,"upper_bound":2818825922.7357497},"point_estimate":2811371658.69,"standard_error":3998855.3422030816},"median":{"confidence_interval":{"confidence_level":0.95,"lower_bound":2805819849.6625,"upper_bound":2828341364.25},"point_estimate":2820672874.0,"standard_error":6109215.086570231},"median_abs_dev":{"confidence_interval":{"confidence_level":0.95,"lower_bound":26346811.034590602,"upper_bound":44020865.39837591},"point_estimate":34122176.276010275,"standard_error":4929534.46875476},"slope":null,"std_dev":{"confidence_interval":{"confidence_level":0.95,"lower_bound":32337913.069326315,"upper_bound":43132203.022130914},"point_estimate":37730796.30860083,"standard_error":2624045.1668891413}}