{"mean":{"confidence_interval":{"confidence_level":0.95,"lower_bound":1037769429.3715,"upper_bound":1041808262.247},"point_estimate":1039839034.01,"standard_error":1301366.5318277937},"median":{"confidence_interval":{"confidence_level":0.95,"lower_bound":1040234258.5625,"upper_bound":1043598423.0},"point_estimate":1041746695.0,"standard_error":1240512.2225213626},"median_abs_dev":{"confidence_interval":{"confidence_level":0.95,"lower_bound":7817297.635007724,"upper_bound":17911887.73273542},"point_estimate":11253910.833603144,"standard_error":2654518.882241786},"slope":null,"std_dev":{"confidence_interval":{"confidence_level":0.95,"lower_bound":11346138.595258014,"upper_bound":14152888.098641956},"point_estimate":12675130.102210442,"standard_error":822234.0501703827}}