{"mean":{"confidence_interval":{"confidence_level":0.95,"lower_bound":9931650.204333333,"upper_bound":10349658.737208331},"point_estimate":10157916.975,"standard_error":110432.58139450909},"median":{"confidence_interval":{"confidence_level":0.95,"lower_bound":9993709.766666668,"upper_bound":10443108.44375},"point_estimate":10330130.166666666,"standard_error":108656.11772385733},"median_abs_dev":{"confidence_interval":{"confidence_level":0.95,"lower_bound":405795.51072944055,"upper_bound":893592.8321943055},"point_estimate":821205.8243706822,"standard_error":136287.74978974805},"slope":null,"std_dev":{"confidence_interval":{"confidence_level":0.95,"lower_bound":737147.3186636468,"upper_bound":1036265.1477258947},"point_estimate":899790.1643452848,"standard_error":77910.52571348278}}