{"mean":{"confidence_interval":{"confidence_level":0.95,"lower_bound":470323033.2565,"upper_bound":579273150.27},"point_estimate":535073216.45,"standard_error":32580957.278472673},"median":{"confidence_interval":{"confidence_level":0.95,"lower_bound":377459092.0,"upper_bound":522599818.125},"point_estimate":479637526.0,"standard_error":47511910.18244559},"median_abs_dev":{"confidence_interval":{"confidence_level":0.95,"lower_bound":223667887.38697374,"upper_bound":373758089.6141875},"point_estimate":328889283.425948,"standard_error":41629672.76217294},"slope":null,"std_dev":{"confidence_interval":{"confidence_level":0.95,"lower_bound":288530694.3610868,"upper_bound":343376953.06072897},"point_estimate":322888774.7883759,"standard_error":16924131.401228126}}