{"mean":{"confidence_interval":{"confidence_level":0.95,"lower_bound":188552142.05675,"upper_bound":219512684.87},"point_estimate":203797980.51,"standard_error":8662794.152025286},"median":{"confidence_interval":{"confidence_level":0.95,"lower_bound":241170871.2875,"upper_bound":245000604.85},"point_estimate":243209316.0,"standard_error":1222571.666831294},"median_abs_dev":{"confidence_interval":{"confidence_level":0.95,"lower_bound":6844917.966878414,"upper_bound":14403839.60568823},"point_estimate":8490469.021064043,"standard_error":2382320.876217953},"slope":null,"std_dev":{"confidence_interval":{"confidence_level":0.95,"lower_bound":66184319.401621275,"upper_bound":88566790.96331064},"point_estimate":79275420.6631448,"standard_error":6724145.159769803}}