{"mean":{"confidence_interval":{"confidence_level":0.95,"lower_bound":6746237.56303125,"upper_bound":6969162.28671875},"point_estimate":6880785.0925,"standard_error":61977.69437223811},"median":{"confidence_interval":{"confidence_level":0.95,"lower_bound":6651760.6015625,"upper_bound":6958243.26875},"point_estimate":6857639.75,"standard_error":89774.49362834466},"median_abs_dev":{"confidence_interval":{"confidence_level":0.95,"lower_bound":559266.799901342,"upper_bound":819252.8139578551},"point_estimate":630624.6401041746,"standard_error":80104.57238146287},"slope":null,"std_dev":{"confidence_interval":{"confidence_level":0.95,"lower_bound":626859.5865686262,"upper_bound":860778.6989689207},"point_estimate":730441.3166164781,"standard_error":74101.39511436482}}