{"mean":{"confidence_interval":{"confidence_level":0.95,"lower_bound":1009662288.8065001,"upper_bound":1014103263.954},"point_estimate":1012194762.55,"standard_error":1116477.8329968422},"median":{"confidence_interval":{"confidence_level":0.95,"lower_bound":1006803133.775,"upper_bound":1012981403.7},"point_estimate":1009684883.5,"standard_error":1776432.3777632182},"median_abs_dev":{"confidence_interval":{"confidence_level":0.95,"lower_bound":7875595.059767738,"upper_bound":12389848.98491621},"point_estimate":9967987.383332849,"standard_error":1399672.9717478885},"slope":null,"std_dev":{"confidence_interval":{"confidence_level":0.95,"lower_bound":10486009.518681655,"upper_bound":13352521.334182622},"point_estimate":12061510.084005874,"standard_error":834513.4887315938}}