{"mean":{"confidence_interval":{"confidence_level":0.95,"lower_bound":375076670.32299995,"upper_bound":376164212.2745},"point_estimate":375659340.36,"standard_error":293640.7425121521},"median":{"confidence_interval":{"confidence_level":0.95,"lower_bound":374525383.5,"upper_bound":375378708.65},"point_estimate":374917380.5,"standard_error":223777.40854739986},"median_abs_dev":{"confidence_interval":{"confidence_level":0.95,"lower_bound":1283972.8305499256,"upper_bound":1740280.2969038486},"point_estimate":1484426.536846161,"standard_error":146106.73411020395},"slope":null,"std_dev":{"confidence_interval":{"confidence_level":0.95,"lower_bound":2039927.486487439,"upper_bound":2931366.416571201},"point_estimate":2533531.235990392,"standard_error":268814.8107354527}}