{"mean":{"confidence_interval":{"confidence_level":0.95,"lower_bound":10921768.30395,"upper_bound":11327306.326199997},"point_estimate":11153462.002000002,"standard_error":103352.60813290729},"median":{"confidence_interval":{"confidence_level":0.95,"lower_bound":10548504.8775,"upper_bound":10721201.325000001},"point_estimate":10639141.8,"standard_error":47947.75574639728},"median_abs_dev":{"confidence_interval":{"confidence_level":0.95,"lower_bound":297733.45092317526,"upper_bound":680331.9473336941},"point_estimate":438021.115343571,"standard_error":99516.62895277975},"slope":null,"std_dev":{"confidence_interval":{"confidence_level":0.95,"lower_bound":894837.1299223974,"upper_bound":1222028.5791116208},"point_estimate":1112958.6008307114,"standard_error":89609.0380027238}}