{"mean":{"confidence_interval":{"confidence_level":0.95,"lower_bound":565330003.7294999,"upper_bound":588633090.1702499},"point_estimate":576830619.89,"standard_error":6176072.322056828},"median":{"confidence_interval":{"confidence_level":0.95,"lower_bound":548196435.5,"upper_bound":584094817.625},"point_estimate":564972227.0,"standard_error":10534619.099191656},"median_abs_dev":{"confidence_interval":{"confidence_level":0.95,"lower_bound":55471748.5896796,"upper_bound":84993268.33139285},"point_estimate":70102475.08393228,"standard_error":8688920.131452553},"slope":null,"std_dev":{"confidence_interval":{"confidence_level":0.95,"lower_bound":59664813.311565965,"upper_bound":76047923.79227582},"point_estimate":70088378.99929053,"standard_error":5018976.840551712}}