{"mean":{"confidence_interval":{"confidence_level":0.95,"lower_bound":736558313.9555,"upper_bound":742014494.28125},"point_estimate":739141694.52,"standard_error":1609350.9210542382},"median":{"confidence_interval":{"confidence_level":0.95,"lower_bound":732248474.0875,"upper_bound":742777984.7625},"point_estimate":738264591.5,"standard_error":3375716.0978107704},"median_abs_dev":{"confidence_interval":{"confidence_level":0.95,"lower_bound":11722401.157525778,"upper_bound":19629084.596686587},"point_estimate":15318724.046838284,"standard_error":2401124.55107448},"slope":null,"std_dev":{"confidence_interval":{"confidence_level":0.95,"lower_bound":13413265.471601864,"upper_bound":20885518.718370546},"point_estimate":16826885.455544367,"standard_error":2100568.6618445734}}