{"mean":{"confidence_interval":{"confidence_level":0.95,"lower_bound":247449724.339,"upper_bound":248490424.30075002},"point_estimate":247935532.5,"standard_error":281713.34008208645},"median":{"confidence_interval":{"confidence_level":0.95,"lower_bound":246702999.8125,"upper_bound":247560102.6375},"point_estimate":247008581.5,"standard_error":201134.0641454645},"median_abs_dev":{"confidence_interval":{"confidence_level":0.95,"lower_bound":1625835.3656056523,"upper_bound":2867497.424521744},"point_estimate":2019864.552140236,"standard_error":315403.85609205544},"slope":null,"std_dev":{"confidence_interval":{"confidence_level":0.95,"lower_bound":2314713.1299287677,"upper_bound":3226325.2579462277},"point_estimate":2824019.418960355,"standard_error":273795.4247328827}}