{"mean":{"confidence_interval":{"confidence_level":0.95,"lower_bound":1011687002.194,"upper_bound":1017500127.50725},"point_estimate":1014545839.47,"standard_error":1569875.989117204},"median":{"confidence_interval":{"confidence_level":0.95,"lower_bound":1010227271.5,"upper_bound":1015672654.075},"point_estimate":1012707557.5,"standard_error":1540645.7982062572},"median_abs_dev":{"confidence_interval":{"confidence_level":0.95,"lower_bound":10215267.731055245,"upper_bound":15287058.750730455},"point_estimate":13365359.29261744,"standard_error":1503090.3484044618},"slope":null,"std_dev":{"confidence_interval":{"confidence_level":0.95,"lower_bound":11377145.273836525,"upper_bound":14588361.235117428},"point_estimate":12979343.987263067,"standard_error":929006.4894500634}}