{"mean":{"confidence_interval":{"confidence_level":0.95,"lower_bound":753623095.75125,"upper_bound":892265749.816},"point_estimate":831562196.4,"standard_error":43108128.37093629},"median":{"confidence_interval":{"confidence_level":0.95,"lower_bound":1040639742.0,"upper_bound":1043031683.075},"point_estimate":1041730759.0,"standard_error":689831.9795859033},"median_abs_dev":{"confidence_interval":{"confidence_level":0.95,"lower_bound":5769451.917966753,"upper_bound":10351762.98257947},"point_estimate":7174098.897734284,"standard_error":1302590.8296363049},"slope":null,"std_dev":{"confidence_interval":{"confidence_level":0.95,"lower_bound":362987447.6340635,"upper_bound":460391376.7122637},"point_estimate":415075657.81372654,"standard_error":30663576.452818595}}