{"mean":{"confidence_interval":{"confidence_level":0.95,"lower_bound":42684241.73775,"upper_bound":42964599.342},"point_estimate":42801410.665,"standard_error":74526.59246361964},"median":{"confidence_interval":{"confidence_level":0.95,"lower_bound":42466059.5,"upper_bound":42692934.09375},"point_estimate":42611554.5,"standard_error":61577.47396438563},"median_abs_dev":{"confidence_interval":{"confidence_level":0.95,"lower_bound":353101.60654619336,"upper_bound":635183.8852119818},"point_estimate":502701.0959252715,"standard_error":75688.94338614793},"slope":null,"std_dev":{"confidence_interval":{"confidence_level":0.95,"lower_bound":576903.0504553778,"upper_bound":1106469.877516229},"point_estimate":796104.3453254355,"standard_error":146138.9128860506}}