{"mean":{"confidence_interval":{"confidence_level":0.95,"lower_bound":125453687.21000001,"upper_bound":127147299.1735},"point_estimate":126304604.09,"standard_error":461100.4978294374},"median":{"confidence_interval":{"confidence_level":0.95,"lower_bound":126891380.9875,"upper_bound":127769616.5},"point_estimate":127409768.0,"standard_error":316815.36370700866},"median_abs_dev":{"confidence_interval":{"confidence_level":0.95,"lower_bound":1713761.068239659,"upper_bound":3706095.184403658},"point_estimate":2295539.9325460196,"standard_error":527026.821467946},"slope":null,"std_dev":{"confidence_interval":{"confidence_level":0.95,"lower_bound":3901012.6375588854,"upper_bound":5144449.837553606},"point_estimate":4546274.815244546,"standard_error":347073.92994059797}}