{"mean":{"confidence_interval":{"confidence_level":0.95,"lower_bound":571966301.6049999,"upper_bound":593506618.1845},"point_estimate":583367546.28,"standard_error":6252453.411536211},"median":{"confidence_interval":{"confidence_level":0.95,"lower_bound":558405390.4375,"upper_bound":591140533.4125},"point_estimate":570176483.5,"standard_error":9921564.01962167},"median_abs_dev":{"confidence_interval":{"confidence_level":0.95,"lower_bound":42281821.886370115,"upper_bound":73890391.38411082},"point_estimate":60579298.827302456,"standard_error":8126075.129098118},"slope":null,"std_dev":{"confidence_interval":{"confidence_level":0.95,"lower_bound":49450804.1483116,"upper_bound":65048459.82926642},"point_estimate":59283697.29185992,"standard_error":3701486.395810445}}