{"mean":{"confidence_interval":{"confidence_level":0.95,"lower_bound":2773724.0605326076,"upper_bound":3142288.394445651},"point_estimate":2969814.1113043474,"standard_error":113846.19256223366},"median":{"confidence_interval":{"confidence_level":0.95,"lower_bound":3145853.5206521736,"upper_bound":3535226.041304348},"point_estimate":3345572.4782608696,"standard_error":99290.74653287187},"median_abs_dev":{"confidence_interval":{"confidence_level":0.95,"lower_bound":555172.9293280581,"upper_bound":1019432.9338248174},"point_estimate":775750.5178189797,"standard_error":118426.9964430738},"slope":null,"std_dev":{"confidence_interval":{"confidence_level":0.95,"lower_bound":1052682.2831462843,"upper_bound":1281311.297767597},"point_estimate":1168761.844581034,"standard_error":72320.86415689127}}