{"mean":{"confidence_interval":{"confidence_level":0.95,"lower_bound":1464691311.36775,"upper_bound":1513810897.35075},"point_estimate":1482781742.36,"standard_error":14057024.278811224},"median":{"confidence_interval":{"confidence_level":0.95,"lower_bound":1436347857.825,"upper_bound":1514399242.7375},"point_estimate":1473660599.5,"standard_error":17335376.276955016},"median_abs_dev":{"confidence_interval":{"confidence_level":0.95,"lower_bound":119768559.91845801,"upper_bound":202144850.653994},"point_estimate":166622270.84026337,"standard_error":19954795.914623346},"slope":null,"std_dev":{"confidence_interval":{"confidence_level":0.95,"lower_bound":143589406.2343536,"upper_bound":181010436.62981567},"point_estimate":166413228.50985923,"standard_error":9873637.438657211}}