{"mean":{"confidence_interval":{"confidence_level":0.95,"lower_bound":2011882.9951600006,"upper_bound":2048017.2754900004},"point_estimate":2028126.402799999,"standard_error":10588.055929302185},"median":{"confidence_interval":{"confidence_level":0.95,"lower_bound":2009670.989,"upper_bound":2039067.4749999999},"point_estimate":2021459.5,"standard_error":6475.935599688617},"median_abs_dev":{"confidence_interval":{"confidence_level":0.95,"lower_bound":56178.87390582565,"upper_bound":84156.07804073108},"point_estimate":67744.23303329943,"standard_error":7457.721835070089},"slope":null,"std_dev":{"confidence_interval":{"confidence_level":0.95,"lower_bound":60863.422613344694,"upper_bound":157474.30081721785},"point_estimate":99890.03568229469,"standard_error":27250.357752442767}}