{"mean":{"confidence_interval":{"confidence_level":0.95,"lower_bound":363344752.5635,"upper_bound":365149806.63325},"point_estimate":364459881.27,"standard_error":508118.96553967916},"median":{"confidence_interval":{"confidence_level":0.95,"lower_bound":363989237.4625,"upper_bound":365493498.0},"point_estimate":365018673.0,"standard_error":528024.841158027},"median_abs_dev":{"confidence_interval":{"confidence_level":0.95,"lower_bound":2903703.7390239537,"upper_bound":4882666.712272838},"point_estimate":3599446.579197049,"standard_error":534589.5281351865},"slope":null,"std_dev":{"confidence_interval":{"confidence_level":0.95,"lower_bound":4092150.0016825576,"upper_bound":5877662.348396768},"point_estimate":4971790.1727374615,"standard_error":460141.29760045686}}