{"mean":{"confidence_interval":{"confidence_level":0.95,"lower_bound":7041918.373568187,"upper_bound":8152299.231977273},"point_estimate":7606473.28090909,"standard_error":327486.6658022995},"median":{"confidence_interval":{"confidence_level":0.95,"lower_bound":5800011.6863636365,"upper_bound":7837231.9579545455},"point_estimate":6390319.454545455,"standard_error":723560.6663997648},"median_abs_dev":{"confidence_interval":{"confidence_level":0.95,"lower_bound":2381648.3433166086,"upper_bound":3959014.0754768588},"point_estimate":3041359.625405072,"standard_error":429416.4462081741},"slope":null,"std_dev":{"confidence_interval":{"confidence_level":0.95,"lower_bound":2905544.6930044065,"upper_bound":4051580.9378658812},"point_estimate":3565902.4903555317,"standard_error":284267.5164293842}}