{"mean":{"confidence_interval":{"confidence_level":0.95,"lower_bound":3121135.961808822,"upper_bound":3157478.067485293},"point_estimate":3139372.5111764697,"standard_error":10693.636481260248},"median":{"confidence_interval":{"confidence_level":0.95,"lower_bound":3123769.3264705883,"upper_bound":3164779.276470588},"point_estimate":3144549.382352941,"standard_error":9619.434596686322},"median_abs_dev":{"confidence_interval":{"confidence_level":0.95,"lower_bound":62914.22908643167,"upper_bound":124981.82817906991},"point_estimate":79448.21560715907,"standard_error":16757.882246644775},"slope":null,"std_dev":{"confidence_interval":{"confidence_level":0.95,"lower_bound":87032.83319710806,"upper_bound":113965.36366765389},"point_estimate":102660.9119125231,"standard_error":7819.88539778378}}