{"mean":{"confidence_interval":{"confidence_level":0.95,"lower_bound":1941635.4549375,"upper_bound":2390566.6688645827},"point_estimate":2157841.0258333334,"standard_error":127928.7959349737},"median":{"confidence_interval":{"confidence_level":0.95,"lower_bound":1514529.6520833336,"upper_bound":3098163.040625},"point_estimate":2642748.875,"standard_error":522129.93593452574},"median_abs_dev":{"confidence_interval":{"confidence_level":0.95,"lower_bound":890568.9290098659,"upper_bound":1927830.4074529186},"point_estimate":1543214.5292274654,"standard_error":366594.9451603541},"slope":null,"std_dev":{"confidence_interval":{"confidence_level":0.95,"lower_bound":1194257.4251326427,"upper_bound":1307606.0896523984},"point_estimate":1265953.7403035301,"standard_error":30561.238707752047}}