{"mean":{"confidence_interval":{"confidence_level":0.95,"lower_bound":32236288.566875,"upper_bound":32685347.552249998},"point_estimate":32423841.875,"standard_error":132930.52946891033},"median":{"confidence_interval":{"confidence_level":0.95,"lower_bound":31854942.9625,"upper_bound":32725548.76875},"point_estimate":32179816.5,"standard_error":303322.31491931714},"median_abs_dev":{"confidence_interval":{"confidence_level":0.95,"lower_bound":1034390.7463683933,"upper_bound":1651170.3026771173},"point_estimate":1242449.9125421047,"standard_error":185930.88043932285},"slope":null,"std_dev":{"confidence_interval":{"confidence_level":0.95,"lower_bound":1141003.8004919933,"upper_bound":1480445.7524848676},"point_estimate":1321018.62479096,"standard_error":92495.67812420936}}