{"mean":{"confidence_interval":{"confidence_level":0.95,"lower_bound":4139327.3559374986,"upper_bound":4200669.333041666},"point_estimate":4166341.1866666675,"standard_error":17114.969472385754},"median":{"confidence_interval":{"confidence_level":0.95,"lower_bound":4119730.0812500003,"upper_bound":4196698.439583333},"point_estimate":4160931.708333333,"standard_error":22009.426084659062},"median_abs_dev":{"confidence_interval":{"confidence_level":0.95,"lower_bound":179159.72826927854,"upper_bound":259845.24968307494},"point_estimate":213410.01156121516,"standard_error":21201.92269255479},"slope":null,"std_dev":{"confidence_interval":{"confidence_level":0.95,"lower_bound":186708.11847828986,"upper_bound":223327.89160255974},"point_estimate":203302.5875309718,"standard_error":8979.107178048187}}