{"mean":{"confidence_interval":{"confidence_level":0.95,"lower_bound":2116529679.50425,"upper_bound":2127111928.54},"point_estimate":2121892034.62,"standard_error":2423839.291498034},"median":{"confidence_interval":{"confidence_level":0.95,"lower_bound":2112005786.625,"upper_bound":2127651849.5},"point_estimate":2121733493.0,"standard_error":3603892.0042077233},"median_abs_dev":{"confidence_interval":{"confidence_level":0.95,"lower_bound":16947396.86787106,"upper_bound":25902719.246862307},"point_estimate":21936001.389858127,"standard_error":2488277.8686246397},"slope":null,"std_dev":{"confidence_interval":{"confidence_level":0.95,"lower_bound":20313141.11139538,"upper_bound":25399885.22824128},"point_estimate":22225473.506619222,"standard_error":1370153.3723038232}}