{"mean":{"confidence_interval":{"confidence_level":0.95,"lower_bound":13839559.1225625,"upper_bound":14432873.793375},"point_estimate":14131629.2875,"standard_error":184117.36738858125},"median":{"confidence_interval":{"confidence_level":0.95,"lower_bound":13827115.721875,"upper_bound":15478488.490625},"point_estimate":14400396.25,"standard_error":558416.956222554},"median_abs_dev":{"confidence_interval":{"confidence_level":0.95,"lower_bound":1331603.6851661839,"upper_bound":2559240.8440756425},"point_estimate":2060973.1575854123,"standard_error":383636.2950106678},"slope":null,"std_dev":{"confidence_interval":{"confidence_level":0.95,"lower_bound":1753687.4536812995,"upper_bound":2117506.3783526164},"point_estimate":1956501.2689514582,"standard_error":108615.37945737787}}