{"mean":{"confidence_interval":{"confidence_level":0.95,"lower_bound":247536427.165,"upper_bound":248512429.234},"point_estimate":248058526.59,"standard_error":309631.62282202224},"median":{"confidence_interval":{"confidence_level":0.95,"lower_bound":246498430.6625,"upper_bound":247405142.9875},"point_estimate":246853582.0,"standard_error":294135.46246182825},"median_abs_dev":{"confidence_interval":{"confidence_level":0.95,"lower_bound":1605586.8861926347,"upper_bound":3272864.1457175463},"point_estimate":2350726.010066271,"standard_error":468220.13179084077},"slope":null,"std_dev":{"confidence_interval":{"confidence_level":0.95,"lower_bound":2184133.955223029,"upper_bound":4553278.350686656},"point_estimate":3591663.3987944224,"standard_error":767450.4413788104}}