{"mean":{"confidence_interval":{"confidence_level":0.95,"lower_bound":753553571.959,"upper_bound":756096183.84425},"point_estimate":755010717.04,"standard_error":676974.9824451845},"median":{"confidence_interval":{"confidence_level":0.95,"lower_bound":751357503.6375,"upper_bound":753286958.2375},"point_estimate":752444308.5,"standard_error":582655.0349900047},"median_abs_dev":{"confidence_interval":{"confidence_level":0.95,"lower_bound":3030134.193834365,"upper_bound":5962253.53661634},"point_estimate":4632112.301963568,"standard_error":781827.0727796515},"slope":null,"std_dev":{"confidence_interval":{"confidence_level":0.95,"lower_bound":5738596.577083093,"upper_bound":7087651.083332556},"point_estimate":6505606.283400701,"standard_error":406215.238560761}}