{"mean":{"confidence_interval":{"confidence_level":0.95,"lower_bound":8057240.053708337,"upper_bound":9447448.43791667},"point_estimate":8885048.109999998,"standard_error":331949.37330361444},"median":{"confidence_interval":{"confidence_level":0.95,"lower_bound":7639983.583333334,"upper_bound":9000107.7125},"point_estimate":8026102.583333333,"standard_error":346037.90210137697},"median_abs_dev":{"confidence_interval":{"confidence_level":0.95,"lower_bound":2297199.3696315587,"upper_bound":3850826.9922829033},"point_estimate":3085598.308269679,"standard_error":429093.48620384786},"slope":null,"std_dev":{"confidence_interval":{"confidence_level":0.95,"lower_bound":2760543.3928019716,"upper_bound":3681516.684634736},"point_estimate":3206189.740493235,"standard_error":260032.25666992282}}