{"mean":{"confidence_interval":{"confidence_level":0.95,"lower_bound":2883283.427573651,"upper_bound":3841671.077514977},"point_estimate":3306227.405988102,"standard_error":227243.86722911184},"median":{"confidence_interval":{"confidence_level":0.95,"lower_bound":1466623.45483871,"upper_bound":4117155.3482537055},"point_estimate":2570226.0417108517,"standard_error":742216.6426486523},"median_abs_dev":{"confidence_interval":{"confidence_level":0.95,"lower_bound":583935.7881889804,"upper_bound":3430654.710193333},"point_estimate":2204114.627721721,"standard_error":873044.6294097635},"slope":{"confidence_interval":{"confidence_level":0.95,"lower_bound":4312515.196419633,"upper_bound":5071011.166905647},"point_estimate":4670801.027855771,"standard_error":227836.07361642263},"std_dev":{"confidence_interval":{"confidence_level":0.95,"lower_bound":2061184.333405807,"upper_bound":2387108.659098685},"point_estimate":2270118.0008654753,"standard_error":84083.81835403311}}