{"mean":{"confidence_interval":{"confidence_level":0.95,"lower_bound":52627925.3865,"upper_bound":53627609.62075},"point_estimate":53162750.7,"standard_error":272901.5007012517},"median":{"confidence_interval":{"confidence_level":0.95,"lower_bound":52381692.5625,"upper_bound":52956860.6},"point_estimate":52549336.0,"standard_error":161016.22513464477},"median_abs_dev":{"confidence_interval":{"confidence_level":0.95,"lower_bound":484537.54125773907,"upper_bound":1545495.1448144761},"point_estimate":805532.1480989456,"standard_error":280519.369007537},"slope":null,"std_dev":{"confidence_interval":{"confidence_level":0.95,"lower_bound":1073399.2365238809,"upper_bound":4116959.9183707624},"point_estimate":3013007.449419106,"standard_error":729529.2423243774}}