{"mean":{"confidence_interval":{"confidence_level":0.95,"lower_bound":2921596.960338235,"upper_bound":2983346.228735295},"point_estimate":2950749.260588235,"standard_error":18322.80617994619},"median":{"confidence_interval":{"confidence_level":0.95,"lower_bound":2906032.723529412,"upper_bound":2963230.685294118},"point_estimate":2935861.911764706,"standard_error":20392.341705391827},"median_abs_dev":{"confidence_interval":{"confidence_level":0.95,"lower_bound":125864.51914678157,"upper_bound":184980.53204829208},"point_estimate":164123.16299799574,"standard_error":16989.77864730327},"slope":null,"std_dev":{"confidence_interval":{"confidence_level":0.95,"lower_bound":128158.56811913576,"upper_bound":166100.3744744517},"point_estimate":150579.5195051947,"standard_error":10334.294632734009}}