{"mean":{"confidence_interval":{"confidence_level":0.95,"lower_bound":125704237.88025,"upper_bound":127265693.40875001},"point_estimate":126307575.35,"standard_error":428013.04322784854},"median":{"confidence_interval":{"confidence_level":0.95,"lower_bound":126949226.3625,"upper_bound":127793935.975},"point_estimate":127232532.0,"standard_error":246551.90572033526},"median_abs_dev":{"confidence_interval":{"confidence_level":0.95,"lower_bound":1933632.0898711681,"upper_bound":4755984.215466902},"point_estimate":3469832.500398159,"standard_error":753093.5829523603},"slope":null,"std_dev":{"confidence_interval":{"confidence_level":0.95,"lower_bound":3996106.6249539834,"upper_bound":5136806.814444364},"point_estimate":4650222.230902853,"standard_error":338037.471255519}}