{"mean":{"confidence_interval":{"confidence_level":0.95,"lower_bound":219880489.66750002,"upper_bound":282589235.24},"point_estimate":254390158.86,"standard_error":15608505.502013369},"median":{"confidence_interval":{"confidence_level":0.95,"lower_bound":362965684.5,"upper_bound":364837087.3},"point_estimate":363806612.5,"standard_error":496368.8393873628},"median_abs_dev":{"confidence_interval":{"confidence_level":0.95,"lower_bound":3588102.632290945,"upper_bound":8727307.658094315},"point_estimate":5806338.8941168785,"standard_error":1156293.2706944519},"slope":null,"std_dev":{"confidence_interval":{"confidence_level":0.95,"lower_bound":146014319.38513702,"upper_bound":168540232.0640843},"point_estimate":161212672.7884565,"standard_error":5973032.604266525}}