{"mean":{"confidence_interval":{"confidence_level":0.95,"lower_bound":175226586.94550002,"upper_bound":194517940.923},"point_estimate":183622247.96,"standard_error":5161252.064885633},"median":{"confidence_interval":{"confidence_level":0.95,"lower_bound":161040797.4625,"upper_bound":186320069.8875},"point_estimate":175219003.5,"standard_error":7177020.736666942},"median_abs_dev":{"confidence_interval":{"confidence_level":0.95,"lower_bound":40026179.38628577,"upper_bound":66656741.856923774},"point_estimate":50983913.2802546,"standard_error":7158942.719147836},"slope":null,"std_dev":{"confidence_interval":{"confidence_level":0.95,"lower_bound":46005553.08890049,"upper_bound":67822824.44879948},"point_estimate":58222181.292083934,"standard_error":5582259.192486528}}