{"mean":{"confidence_interval":{"confidence_level":0.95,"lower_bound":204876559.45825002,"upper_bound":254484456.09775},"point_estimate":227140080.55,"standard_error":12802271.226085778},"median":{"confidence_interval":{"confidence_level":0.95,"lower_bound":159590116.0,"upper_bound":207778775.0},"point_estimate":190199178.0,"standard_error":13901957.202743035},"median_abs_dev":{"confidence_interval":{"confidence_level":0.95,"lower_bound":90526031.78117417,"upper_bound":176170692.809245},"point_estimate":129318997.66742885,"standard_error":22899144.633165207},"slope":null,"std_dev":{"confidence_interval":{"confidence_level":0.95,"lower_bound":126026027.8932557,"upper_bound":154914087.3932942},"point_estimate":141415995.39135477,"standard_error":7439360.507477662}}