{"mean":{"confidence_interval":{"confidence_level":0.95,"lower_bound":84338810.95,"upper_bound":87009163.7465},"point_estimate":85605352.55,"standard_error":728393.6302869644},"median":{"confidence_interval":{"confidence_level":0.95,"lower_bound":83391448.8375,"upper_bound":87840627.4375},"point_estimate":85685601.0,"standard_error":1381646.7744843874},"median_abs_dev":{"confidence_interval":{"confidence_level":0.95,"lower_bound":5746889.600372314,"upper_bound":8385123.4359093},"point_estimate":7600604.362562299,"standard_error":731015.4416694953},"slope":null,"std_dev":{"confidence_interval":{"confidence_level":0.95,"lower_bound":6173179.913921227,"upper_bound":7664184.667848861},"point_estimate":6939624.290015789,"standard_error":395598.66623118287}}