{"mean":{"confidence_interval":{"confidence_level":0.95,"lower_bound":9423088.119416665,"upper_bound":9712370.824041663},"point_estimate":9568099.02833333,"standard_error":79047.44867855463},"median":{"confidence_interval":{"confidence_level":0.95,"lower_bound":9398251.3,"upper_bound":9762642.047916668},"point_estimate":9589890.0,"standard_error":103835.59123114758},"median_abs_dev":{"confidence_interval":{"confidence_level":0.95,"lower_bound":627316.4344754064,"upper_bound":955308.2799986376},"point_estimate":747147.3611354828,"standard_error":86219.12395230797},"slope":null,"std_dev":{"confidence_interval":{"confidence_level":0.95,"lower_bound":693782.7827532407,"upper_bound":878312.367318456},"point_estimate":777935.3068093625,"standard_error":55650.83004948786}}