{"mean":{"confidence_interval":{"confidence_level":0.95,"lower_bound":20789407.48166667,"upper_bound":26314396.771749996},"point_estimate":23837011.11666667,"standard_error":1457410.9104360144},"median":{"confidence_interval":{"confidence_level":0.95,"lower_bound":19952137.554166667,"upper_bound":25998496.395833332},"point_estimate":22794812.833333336,"standard_error":1840954.3788487404},"median_abs_dev":{"confidence_interval":{"confidence_level":0.95,"lower_bound":9086094.34365958,"upper_bound":13954930.739450455},"point_estimate":11225133.815214038,"standard_error":1101499.4398870356},"slope":null,"std_dev":{"confidence_interval":{"confidence_level":0.95,"lower_bound":9942868.733158585,"upper_bound":14864543.150822498},"point_estimate":12528209.463782284,"standard_error":1360734.8053198985}}