{"mean":{"confidence_interval":{"confidence_level":0.95,"lower_bound":2749257106.9237504,"upper_bound":2765446478.017},"point_estimate":2756095477.08,"standard_error":4566802.154909079},"median":{"confidence_interval":{"confidence_level":0.95,"lower_bound":2759021297.8625,"upper_bound":2771120090.4},"point_estimate":2766710812.0,"standard_error":3676221.015701432},"median_abs_dev":{"confidence_interval":{"confidence_level":0.95,"lower_bound":22448190.273119956,"upper_bound":47344864.49131563},"point_estimate":37345012.0685935,"standard_error":6933346.580449192},"slope":null,"std_dev":{"confidence_interval":{"confidence_level":0.95,"lower_bound":34686275.99697437,"upper_bound":42938385.72620134},"point_estimate":39074659.98989259,"standard_error":2628501.5757977157}}