{"mean":{"confidence_interval":{"confidence_level":0.95,"lower_bound":90360067.52175,"upper_bound":92622729.14125},"point_estimate":91522463.4,"standard_error":549031.6404337747},"median":{"confidence_interval":{"confidence_level":0.95,"lower_bound":91638984.1,"upper_bound":93395230.0},"point_estimate":92260508.0,"standard_error":430683.31458748225},"median_abs_dev":{"confidence_interval":{"confidence_level":0.95,"lower_bound":2911942.176427692,"upper_bound":4804878.71320635},"point_estimate":3884747.739931941,"standard_error":492179.3657461076},"slope":null,"std_dev":{"confidence_interval":{"confidence_level":0.95,"lower_bound":4072593.5981909563,"upper_bound":5333499.138089516},"point_estimate":4960971.440397917,"standard_error":356512.94407334627}}