{"mean":{"confidence_interval":{"confidence_level":0.95,"lower_bound":6238321.085,"upper_bound":7378079.16959375},"point_estimate":6721213.7775,"standard_error":305006.4247971977},"median":{"confidence_interval":{"confidence_level":0.95,"lower_bound":5567172.615625,"upper_bound":6427672.4515625},"point_estimate":6074108.0625,"standard_error":271570.63354721165},"median_abs_dev":{"confidence_interval":{"confidence_level":0.95,"lower_bound":1821880.862033274,"upper_bound":2509821.223324891},"point_estimate":2135387.259489298,"standard_error":220130.08543829937},"slope":null,"std_dev":{"confidence_interval":{"confidence_level":0.95,"lower_bound":2372381.3676343104,"upper_bound":3689764.889140049},"point_estimate":3039232.2124417545,"standard_error":331594.020177692}}