{"mean":{"confidence_interval":{"confidence_level":0.95,"lower_bound":44523429.011375,"upper_bound":45286963.614874996},"point_estimate":44908798.7,"standard_error":214455.37014470718},"median":{"confidence_interval":{"confidence_level":0.95,"lower_bound":43844302.0,"upper_bound":45313704.24375},"point_estimate":44411215.25,"standard_error":346815.4640558403},"median_abs_dev":{"confidence_interval":{"confidence_level":0.95,"lower_bound":1519689.1301338747,"upper_bound":2803230.653818957},"point_estimate":2121795.894880593,"standard_error":315299.61145100114},"slope":null,"std_dev":{"confidence_interval":{"confidence_level":0.95,"lower_bound":1905705.604739298,"upper_bound":2550711.081669768},"point_estimate":2215969.8037207196,"standard_error":180111.1868274579}}