{"mean":{"confidence_interval":{"confidence_level":0.95,"lower_bound":19180210.57475,"upper_bound":20303255.850499995},"point_estimate":19605922.54333332,"standard_error":338903.0050494179},"median":{"confidence_interval":{"confidence_level":0.95,"lower_bound":18562527.7625,"upper_bound":20932676.325},"point_estimate":19645730.333333336,"standard_error":646918.3538578259},"median_abs_dev":{"confidence_interval":{"confidence_level":0.95,"lower_bound":3199763.7941828375,"upper_bound":4550214.010682553},"point_estimate":3882874.2277652007,"standard_error":365340.9896424321},"slope":null,"std_dev":{"confidence_interval":{"confidence_level":0.95,"lower_bound":3169050.7960381843,"upper_bound":3860977.663216747},"point_estimate":3580398.536017046,"standard_error":184062.85396551184}}