{"mean":{"confidence_interval":{"confidence_level":0.95,"lower_bound":1064824579.316,"upper_bound":1066129475.60675},"point_estimate":1065602721.53,"standard_error":404744.50043495366},"median":{"confidence_interval":{"confidence_level":0.95,"lower_bound":1064447324.5,"upper_bound":1066126818.6625},"point_estimate":1065025592.0,"standard_error":458543.093288302},"median_abs_dev":{"confidence_interval":{"confidence_level":0.95,"lower_bound":3013263.2068888843,"upper_bound":4089548.9111959934},"point_estimate":3692905.975037813,"standard_error":328081.17381717445},"slope":null,"std_dev":{"confidence_interval":{"confidence_level":0.95,"lower_bound":2959865.852231239,"upper_bound":3943930.9445073227},"point_estimate":3527792.4061505925,"standard_error":263917.4669677626}}