{"mean":{"confidence_interval":{"confidence_level":0.95,"lower_bound":6580396.268874999,"upper_bound":8321441.3199999975},"point_estimate":7405587.564999999,"standard_error":469059.16762929613},"median":{"confidence_interval":{"confidence_level":0.95,"lower_bound":5415607.666666667,"upper_bound":6699559.189583333},"point_estimate":5991892.833333334,"standard_error":433025.31673552794},"median_abs_dev":{"confidence_interval":{"confidence_level":0.95,"lower_bound":1919566.6484771294,"upper_bound":3767027.9151731348},"point_estimate":2526297.475749255,"standard_error":485024.2834174683},"slope":null,"std_dev":{"confidence_interval":{"confidence_level":0.95,"lower_bound":3330406.083562495,"upper_bound":4897655.156657186},"point_estimate":4193734.882833232,"standard_error":434932.2370943379}}