{"mean":{"confidence_interval":{"confidence_level":0.95,"lower_bound":8512090.33410714,"upper_bound":9200164.316107139},"point_estimate":8889654.642857142,"standard_error":183917.05191633318},"median":{"confidence_interval":{"confidence_level":0.95,"lower_bound":7786695.321428572,"upper_bound":8268075.678571429},"point_estimate":8092148.357142856,"standard_error":129410.75494235563},"median_abs_dev":{"confidence_interval":{"confidence_level":0.95,"lower_bound":1326016.9618734927,"upper_bound":2593702.3303525792},"point_estimate":2124003.4332913994,"standard_error":335180.1005494256},"slope":null,"std_dev":{"confidence_interval":{"confidence_level":0.95,"lower_bound":2144823.266553834,"upper_bound":2793072.1712916847},"point_estimate":2491910.4327935227,"standard_error":187542.1503491013}}