{"mean":{"confidence_interval":{"confidence_level":0.95,"lower_bound":428011.5537515787,"upper_bound":582281.8030938858},"point_estimate":491439.7497534401,"standard_error":41193.7005141211},"median":{"confidence_interval":{"confidence_level":0.95,"lower_bound":197729.68948863636,"upper_bound":307127.6521631944},"point_estimate":202152.30496656027,"standard_error":29385.190639490538},"median_abs_dev":{"confidence_interval":{"confidence_level":0.95,"lower_bound":13130.449602636898,"upper_bound":186574.98168245598},"point_estimate":25338.13545677486,"standard_error":45260.632263225845},"slope":{"confidence_interval":{"confidence_level":0.95,"lower_bound":513400.1348875018,"upper_bound":687847.3105256645},"point_estimate":583053.0488123738,"standard_error":54059.3386121604},"std_dev":{"confidence_interval":{"confidence_level":0.95,"lower_bound":380991.22316044325,"upper_bound":443088.0869733603},"point_estimate":404554.7227388617,"standard_error":18167.71035986661}}