{"mean":{"confidence_interval":{"confidence_level":0.95,"lower_bound":2510767.7545595234,"upper_bound":2569671.3846547613},"point_estimate":2540219.716190476,"standard_error":15751.58923346408},"median":{"confidence_interval":{"confidence_level":0.95,"lower_bound":2508393.9452380952,"upper_bound":2560412.523809524},"point_estimate":2540824.119047619,"standard_error":13171.720505205607},"median_abs_dev":{"confidence_interval":{"confidence_level":0.95,"lower_bound":91206.83934075481,"upper_bound":174036.58994023295},"point_estimate":129114.86620775251,"standard_error":21233.24555178411},"slope":null,"std_dev":{"confidence_interval":{"confidence_level":0.95,"lower_bound":131518.22453160278,"upper_bound":189029.51326880328},"point_estimate":158786.4296812951,"standard_error":17572.8264275088}}