{"mean":{"confidence_interval":{"confidence_level":0.95,"lower_bound":1997464908.60725,"upper_bound":2070100373.7755},"point_estimate":2042110305.54,"standard_error":21557837.560373902},"median":{"confidence_interval":{"confidence_level":0.95,"lower_bound":1992990203.625,"upper_bound":2064770492.3875},"point_estimate":2043448284.5,"standard_error":20704507.23784635},"median_abs_dev":{"confidence_interval":{"confidence_level":0.95,"lower_bound":96654078.80190209,"upper_bound":164018439.9216856},"point_estimate":119288550.57110488,"standard_error":19678540.331805438},"slope":null,"std_dev":{"confidence_interval":{"confidence_level":0.95,"lower_bound":189030728.3250378,"upper_bound":242732245.8224367},"point_estimate":213118576.7944364,"standard_error":15278887.996383276}}