{"mean":{"confidence_interval":{"confidence_level":0.95,"lower_bound":1009591918.66275,"upper_bound":1012781599.882},"point_estimate":1011081712.68,"standard_error":862007.8876564134},"median":{"confidence_interval":{"confidence_level":0.95,"lower_bound":1008468772.225,"upper_bound":1011082220.8125},"point_estimate":1009594320.0,"standard_error":828825.8395499567},"median_abs_dev":{"confidence_interval":{"confidence_level":0.95,"lower_bound":6490102.493295148,"upper_bound":11524173.241505027},"point_estimate":8782012.668988109,"standard_error":1396696.995493042},"slope":null,"std_dev":{"confidence_interval":{"confidence_level":0.95,"lower_bound":9350121.438822689,"upper_bound":12712194.977474276},"point_estimate":10948037.62649536,"standard_error":1018127.11763422}}