{"mean":{"confidence_interval":{"confidence_level":0.95,"lower_bound":1024007953.9835,"upper_bound":1029122737.1095},"point_estimate":1027052548.84,"standard_error":1502619.7062900818},"median":{"confidence_interval":{"confidence_level":0.95,"lower_bound":1023062108.6,"upper_bound":1028065340.2125},"point_estimate":1025256799.5,"standard_error":1640275.7474601225},"median_abs_dev":{"confidence_interval":{"confidence_level":0.95,"lower_bound":10525609.115785584,"upper_bound":19166420.612673014},"point_estimate":14990643.205162883,"standard_error":2269292.2439843044},"slope":null,"std_dev":{"confidence_interval":{"confidence_level":0.95,"lower_bound":14177562.635170348,"upper_bound":19221082.844883375},"point_estimate":15961359.7921629,"standard_error":1324884.0920148008}}