{"mean":{"confidence_interval":{"confidence_level":0.95,"lower_bound":1625003.4144659091,"upper_bound":2309378.119204546},"point_estimate":1957606.702272728,"standard_error":154734.80283643675},"median":{"confidence_interval":{"confidence_level":0.95,"lower_bound":942115.8505681818,"upper_bound":1141991.4431818181},"point_estimate":991584.7045454546,"standard_error":44325.53596216152},"median_abs_dev":{"confidence_interval":{"confidence_level":0.95,"lower_bound":212864.08062431615,"upper_bound":581981.0462962936},"point_estimate":308316.1329490218,"standard_error":92397.36047876331},"slope":null,"std_dev":{"confidence_interval":{"confidence_level":0.95,"lower_bound":1380638.7046545034,"upper_bound":1762513.2044735637},"point_estimate":1593662.0385799552,"standard_error":99128.54382054818}}