{"mean":{"confidence_interval":{"confidence_level":0.95,"lower_bound":127611089.56300001,"upper_bound":128981611.138},"point_estimate":128443081.64,"standard_error":405973.7413401211},"median":{"confidence_interval":{"confidence_level":0.95,"lower_bound":128826286.6125,"upper_bound":129905755.95},"point_estimate":129684227.5,"standard_error":251328.64103519023},"median_abs_dev":{"confidence_interval":{"confidence_level":0.95,"lower_bound":1959525.179501474,"upper_bound":3574192.4345578994},"point_estimate":2496774.709573388,"standard_error":442834.6961738078},"slope":null,"std_dev":{"confidence_interval":{"confidence_level":0.95,"lower_bound":3904681.2178169484,"upper_bound":5159536.654138201},"point_estimate":4566272.438307507,"standard_error":379590.27920870413}}