{"mean":{"confidence_interval":{"confidence_level":0.95,"lower_bound":755064785.08625,"upper_bound":756949096.67225},"point_estimate":755941256.98,"standard_error":590007.3632488357},"median":{"confidence_interval":{"confidence_level":0.95,"lower_bound":753946258.5,"upper_bound":755940942.2625},"point_estimate":754598024.0,"standard_error":524810.9393914719},"median_abs_dev":{"confidence_interval":{"confidence_level":0.95,"lower_bound":5108865.30379951,"upper_bound":7681009.187647327},"point_estimate":5924959.494110942,"standard_error":628274.5077984985},"slope":null,"std_dev":{"confidence_interval":{"confidence_level":0.95,"lower_bound":6209535.30044298,"upper_bound":7759435.934652794},"point_estimate":7109131.429532642,"standard_error":420292.323844183}}