{"mean":{"confidence_interval":{"confidence_level":0.95,"lower_bound":4388408.26882353,"upper_bound":5370057.576852942},"point_estimate":4968303.751764706,"standard_error":266894.0270437728},"median":{"confidence_interval":{"confidence_level":0.95,"lower_bound":3163838.3529411764,"upper_bound":5566835.176470588},"point_estimate":4640585.705882353,"standard_error":683803.4123392323},"median_abs_dev":{"confidence_interval":{"confidence_level":0.95,"lower_bound":2125258.0492573623,"upper_bound":3685479.301455104},"point_estimate":3071809.394482129,"standard_error":429941.8053299141},"slope":null,"std_dev":{"confidence_interval":{"confidence_level":0.95,"lower_bound":2301910.7344256085,"upper_bound":2778985.8267166126},"point_estimate":2640739.978535935,"standard_error":118954.79244928654}}