{"mean":{"confidence_interval":{"confidence_level":0.95,"lower_bound":5333330.296874999,"upper_bound":6281656.915399998},"point_estimate":5844273.340999999,"standard_error":282604.7893901774},"median":{"confidence_interval":{"confidence_level":0.95,"lower_bound":3868346.0250000004,"upper_bound":5418652.55},"point_estimate":4502521.2,"standard_error":458314.160191981},"median_abs_dev":{"confidence_interval":{"confidence_level":0.95,"lower_bound":1475365.464021027,"upper_bound":3457577.117745236},"point_estimate":2546668.4240975976,"standard_error":625482.0932729242},"slope":null,"std_dev":{"confidence_interval":{"confidence_level":0.95,"lower_bound":2893595.5272044283,"upper_bound":3572220.429096521},"point_estimate":3259999.1485081976,"standard_error":187176.5886837325}}