{"mean":{"confidence_interval":{"confidence_level":0.95,"lower_bound":30903700.322375,"upper_bound":31072223.740000002},"point_estimate":30992166.695,"standard_error":41141.11304524384},"median":{"confidence_interval":{"confidence_level":0.95,"lower_bound":30821332.5,"upper_bound":30904740.36875},"point_estimate":30852446.75,"standard_error":28152.23269989216},"median_abs_dev":{"confidence_interval":{"confidence_level":0.95,"lower_bound":207156.18865974247,"upper_bound":317598.03516525775},"point_estimate":266335.7418715954,"standard_error":30863.448383160197},"slope":null,"std_dev":{"confidence_interval":{"confidence_level":0.95,"lower_bound":354883.4563160718,"upper_bound":584926.2555441487},"point_estimate":461588.4592245154,"standard_error":56261.19454574922}}