{"mean":{"confidence_interval":{"confidence_level":0.95,"lower_bound":6810432.3896071445,"upper_bound":7139653.131178572},"point_estimate":7031455.631428573,"standard_error":89134.53484994256},"median":{"confidence_interval":{"confidence_level":0.95,"lower_bound":6736677.114285714,"upper_bound":7116245.714285715},"point_estimate":6930169.214285715,"standard_error":108397.0621351468},"median_abs_dev":{"confidence_interval":{"confidence_level":0.95,"lower_bound":748811.892010931,"upper_bound":1012287.4258408055},"point_estimate":868174.8562868154,"standard_error":87538.48577100439},"slope":null,"std_dev":{"confidence_interval":{"confidence_level":0.95,"lower_bound":782744.4219926004,"upper_bound":1044355.0156017096},"point_estimate":885897.927356504,"standard_error":68692.86429747877}}