{"mean":{"confidence_interval":{"confidence_level":0.95,"lower_bound":10672567.995949997,"upper_bound":11137672.385100001},"point_estimate":10909433.140000004,"standard_error":124833.83160370795},"median":{"confidence_interval":{"confidence_level":0.95,"lower_bound":10482054.9975,"upper_bound":10619515.45},"point_estimate":10568635.2,"standard_error":36493.82963697639},"median_abs_dev":{"confidence_interval":{"confidence_level":0.95,"lower_bound":284008.9191848347,"upper_bound":475310.4691265523},"point_estimate":350304.5705008496,"standard_error":57956.327519584556},"slope":null,"std_dev":{"confidence_interval":{"confidence_level":0.95,"lower_bound":598405.6788963181,"upper_bound":1334798.9057261152},"point_estimate":1059104.337321529,"standard_error":196631.92787285653}}