{"mean":{"confidence_interval":{"confidence_level":0.95,"lower_bound":1065284986.06225,"upper_bound":1067436016.4135},"point_estimate":1066189719.89,"standard_error":537563.6700072484},"median":{"confidence_interval":{"confidence_level":0.95,"lower_bound":1064720365.25,"upper_bound":1066476952.275},"point_estimate":1065376185.5,"standard_error":574976.5305493156},"median_abs_dev":{"confidence_interval":{"confidence_level":0.95,"lower_bound":2859383.80350329,"upper_bound":3955604.176406488},"point_estimate":3505583.1748634577,"standard_error":333069.6318850508},"slope":null,"std_dev":{"confidence_interval":{"confidence_level":0.95,"lower_bound":3362600.5559813217,"upper_bound":6517978.137233519},"point_estimate":5069130.421326316,"standard_error":936973.7287951538}}