{"mean":{"confidence_interval":{"confidence_level":0.95,"lower_bound":16054552.0974375,"upper_bound":16292164.95525},"point_estimate":16167550.8375,"standard_error":63589.75309222166},"median":{"confidence_interval":{"confidence_level":0.95,"lower_bound":15936284.13125,"upper_bound":16119132.390625},"point_estimate":16065560.625,"standard_error":61248.29806599008},"median_abs_dev":{"confidence_interval":{"confidence_level":0.95,"lower_bound":301288.64782355726,"upper_bound":550558.4130543843},"point_estimate":366199.2282986641,"standard_error":65569.97093042149},"slope":null,"std_dev":{"confidence_interval":{"confidence_level":0.95,"lower_bound":580189.7522175999,"upper_bound":850443.0003532863},"point_estimate":707018.2933104233,"standard_error":85810.39926713047}}