{"mean":{"confidence_interval":{"confidence_level":0.95,"lower_bound":29044924.408,"upper_bound":29940099.771125},"point_estimate":29389666.305,"standard_error":242501.0257534904},"median":{"confidence_interval":{"confidence_level":0.95,"lower_bound":29634832.55625,"upper_bound":29925224.25},"point_estimate":29753262.0,"standard_error":90411.34818740781},"median_abs_dev":{"confidence_interval":{"confidence_level":0.95,"lower_bound":512079.00407128036,"upper_bound":839545.1227325946},"point_estimate":626854.38837111,"standard_error":91236.15537982702},"slope":null,"std_dev":{"confidence_interval":{"confidence_level":0.95,"lower_bound":1291435.9077613396,"upper_bound":2812108.600782695},"point_estimate":2194605.8275139118,"standard_error":420152.44883964426}}