{"mean":{"confidence_interval":{"confidence_level":0.95,"lower_bound":7091499.15625,"upper_bound":7375255.75021875},"point_estimate":7207994.16625,"standard_error":75071.60852042068},"median":{"confidence_interval":{"confidence_level":0.95,"lower_bound":6981660.25,"upper_bound":7386349.221875},"point_estimate":7162679.6875,"standard_error":107099.91333636321},"median_abs_dev":{"confidence_interval":{"confidence_level":0.95,"lower_bound":552577.7929816581,"upper_bound":741853.8630238362},"point_estimate":668400.4534710199,"standard_error":63456.97481964937},"slope":null,"std_dev":{"confidence_interval":{"confidence_level":0.95,"lower_bound":592047.7334442516,"upper_bound":789905.9712883943},"point_estimate":671051.4018951807,"standard_error":50748.509478791115}}