{"mean":{"confidence_interval":{"confidence_level":0.95,"lower_bound":4100789.6141153853,"upper_bound":5120953.648326924},"point_estimate":4451958.722307693,"standard_error":289773.07717136556},"median":{"confidence_interval":{"confidence_level":0.95,"lower_bound":2793703.7548076925,"upper_bound":4001719.269230769},"point_estimate":3163111.653846154,"standard_error":323675.7528339547},"median_abs_dev":{"confidence_interval":{"confidence_level":0.95,"lower_bound":1529878.5130023041,"upper_bound":3612295.882560851},"point_estimate":2219459.060389033,"standard_error":571463.7904795865},"slope":null,"std_dev":{"confidence_interval":{"confidence_level":0.95,"lower_bound":2650310.9925383735,"upper_bound":3097439.452688491},"point_estimate":2901154.9033029075,"standard_error":126969.77221156642}}