{"mean":{"confidence_interval":{"confidence_level":0.95,"lower_bound":15409236.23725,"upper_bound":15895682.060812501},"point_estimate":15608508.89,"standard_error":135614.2101060284},"median":{"confidence_interval":{"confidence_level":0.95,"lower_bound":15195717.165625,"upper_bound":15993756.78125},"point_estimate":15546242.75,"standard_error":218797.60123019284},"median_abs_dev":{"confidence_interval":{"confidence_level":0.95,"lower_bound":1138793.884417992,"upper_bound":1754227.9071206038},"point_estimate":1392195.4750835896,"standard_error":155003.46896182527},"slope":null,"std_dev":{"confidence_interval":{"confidence_level":0.95,"lower_bound":1226388.293988887,"upper_bound":1537336.9844043131},"point_estimate":1404263.4666270926,"standard_error":80989.45134937222}}