{"mean":{"confidence_interval":{"confidence_level":0.95,"lower_bound":2999722.89764706,"upper_bound":3031582.4155000006},"point_estimate":3019611.373529413,"standard_error":9257.208925939232},"median":{"confidence_interval":{"confidence_level":0.95,"lower_bound":3009371.005147059,"upper_bound":3053497.7647058824},"point_estimate":3025464.529411765,"standard_error":10836.456823061751},"median_abs_dev":{"confidence_interval":{"confidence_level":0.95,"lower_bound":82013.00127647803,"upper_bound":117050.78280649225},"point_estimate":97679.18060702446,"standard_error":10668.902098683457},"slope":null,"std_dev":{"confidence_interval":{"confidence_level":0.95,"lower_bound":88491.92226478807,"upper_bound":117032.40681409038},"point_estimate":105962.71207755702,"standard_error":8086.189111928731}}