{"mean":{"confidence_interval":{"confidence_level":0.95,"lower_bound":3929298.7815789487,"upper_bound":4199070.816315788},"point_estimate":4209578.801578946,"standard_error":101115.20525238191},"median":{"confidence_interval":{"confidence_level":0.95,"lower_bound":2995271.8157894737,"upper_bound":3315519.1578947366},"point_estimate":3556492.263157895,"standard_error":140924.47689143912},"median_abs_dev":{"confidence_interval":{"confidence_level":0.95,"lower_bound":1799619.9952977267,"upper_bound":2103140.593014423},"point_estimate":2290339.166917299,"standard_error":122952.34830449134},"slope":null,"std_dev":{"confidence_interval":{"confidence_level":0.95,"lower_bound":2116350.2552984874,"upper_bound":2275917.5135469795},"point_estimate":2188375.5235431585,"standard_error":59008.06840978726}}