{"mean":{"confidence_interval":{"confidence_level":0.95,"lower_bound":625779.629523758,"upper_bound":630817.5294611786},"point_estimate":627813.626913232,"standard_error":1396.338531704551},"median":{"confidence_interval":{"confidence_level":0.95,"lower_bound":624636.0824497768,"upper_bound":627357.9119597775},"point_estimate":625455.9186507936,"standard_error":832.8652401778621},"median_abs_dev":{"confidence_interval":{"confidence_level":0.95,"lower_bound":5366.119034198155,"upper_bound":9898.063564490247},"point_estimate":8165.379151455799,"standard_error":1309.15064103449},"slope":{"confidence_interval":{"confidence_level":0.95,"lower_bound":624868.5895638589,"upper_bound":626814.8399295006},"point_estimate":625925.4686803606,"standard_error":453.37989280713794},"std_dev":{"confidence_interval":{"confidence_level":0.95,"lower_bound":9171.50130007703,"upper_bound":18525.91550673342},"point_estimate":14719.610171543403,"standard_error":3067.8469310181545}}