{"mean":{"confidence_interval":{"confidence_level":0.95,"lower_bound":7301189.958464286,"upper_bound":7592889.068535713},"point_estimate":7452947.779999998,"standard_error":86430.4709935361},"median":{"confidence_interval":{"confidence_level":0.95,"lower_bound":7139639.523214285,"upper_bound":7686018.6625},"point_estimate":7412290.142857143,"standard_error":148659.46685975682},"median_abs_dev":{"confidence_interval":{"confidence_level":0.95,"lower_bound":794862.2785083737,"upper_bound":1144849.0854748655},"point_estimate":933823.5359213183,"standard_error":104600.23546953632},"slope":null,"std_dev":{"confidence_interval":{"confidence_level":0.95,"lower_bound":755336.0707884962,"upper_bound":1040824.3485475113},"point_estimate":900703.1722754792,"standard_error":78291.25882051258}}