{"mean":{"confidence_interval":{"confidence_level":0.95,"lower_bound":502152590.59975004,"upper_bound":594055140.41},"point_estimate":551757882.54,"standard_error":22888071.050999984},"median":{"confidence_interval":{"confidence_level":0.95,"lower_bound":724089055.0,"upper_bound":725787925.0},"point_estimate":724665522.0,"standard_error":480024.04921519826},"median_abs_dev":{"confidence_interval":{"confidence_level":0.95,"lower_bound":8646551.21589303,"upper_bound":29831005.721856277},"point_estimate":16097656.127509475,"standard_error":5461828.170099016},"slope":null,"std_dev":{"confidence_interval":{"confidence_level":0.95,"lower_bound":231602625.6046322,"upper_bound":283309537.1175129},"point_estimate":260588035.76727834,"standard_error":13524392.038997192}}