{"mean":{"confidence_interval":{"confidence_level":0.95,"lower_bound":589900245.12775,"upper_bound":607304959.912},"point_estimate":598939031.43,"standard_error":4909998.021848056},"median":{"confidence_interval":{"confidence_level":0.95,"lower_bound":576183605.6375,"upper_bound":598507449.0},"point_estimate":588668358.0,"standard_error":6023933.816820473},"median_abs_dev":{"confidence_interval":{"confidence_level":0.95,"lower_bound":52181777.11204827,"upper_bound":73968569.43669789},"point_estimate":65405707.33841658,"standard_error":5547172.99234331},"slope":null,"std_dev":{"confidence_interval":{"confidence_level":0.95,"lower_bound":55209157.26333214,"upper_bound":62458063.021919},"point_estimate":58778486.057262525,"standard_error":2115370.5914060753}}