{"mean":{"confidence_interval":{"confidence_level":0.95,"lower_bound":2118840241.8895001,"upper_bound":2127939109.5},"point_estimate":2123853868.59,"standard_error":2465069.5226887125},"median":{"confidence_interval":{"confidence_level":0.95,"lower_bound":2121515111.5875,"upper_bound":2133979055.325},"point_estimate":2126624826.0,"standard_error":3035296.7371478435},"median_abs_dev":{"confidence_interval":{"confidence_level":0.95,"lower_bound":16232166.492721438,"upper_bound":25768699.659306627},"point_estimate":21179398.00609052,"standard_error":2373323.1251876047},"slope":null,"std_dev":{"confidence_interval":{"confidence_level":0.95,"lower_bound":23594859.288855605,"upper_bound":32137280.174107324},"point_estimate":26929204.219075784,"standard_error":2380257.9303073115}}