{"mean":{"confidence_interval":{"confidence_level":0.95,"lower_bound":156648174.967,"upper_bound":158780135.98875},"point_estimate":157785458.74,"standard_error":607040.9732474849},"median":{"confidence_interval":{"confidence_level":0.95,"lower_bound":158844238.8625,"upper_bound":160661221.925},"point_estimate":159949519.5,"standard_error":476959.1662183608},"median_abs_dev":{"confidence_interval":{"confidence_level":0.95,"lower_bound":2612222.341766283,"upper_bound":6699963.277891874},"point_estimate":4935511.560577154,"standard_error":1094678.480035101},"slope":null,"std_dev":{"confidence_interval":{"confidence_level":0.95,"lower_bound":5930909.7219507955,"upper_bound":7456270.801006713},"point_estimate":6806612.238841927,"standard_error":420684.04768232815}}