{"mean":{"confidence_interval":{"confidence_level":0.95,"lower_bound":7105907.1533125,"upper_bound":7433281.402249999},"point_estimate":7266037.77625,"standard_error":92950.85596408616},"median":{"confidence_interval":{"confidence_level":0.95,"lower_bound":7093903.9703125,"upper_bound":7327105.4375},"point_estimate":7194058.3125,"standard_error":58767.0867773554},"median_abs_dev":{"confidence_interval":{"confidence_level":0.95,"lower_bound":656972.1095614135,"upper_bound":951467.1785193309},"point_estimate":808389.303573221,"standard_error":86617.02925208092},"slope":null,"std_dev":{"confidence_interval":{"confidence_level":0.95,"lower_bound":808599.1865527174,"upper_bound":1030467.7723193764},"point_estimate":952449.0606124179,"standard_error":59199.87988936941}}