{"mean":{"confidence_interval":{"confidence_level":0.95,"lower_bound":12201242.890849996,"upper_bound":12926344.339699998},"point_estimate":12512880.308,"standard_error":217653.35964420828},"median":{"confidence_interval":{"confidence_level":0.95,"lower_bound":11389409.9925,"upper_bound":12374217.0525},"point_estimate":11849424.2,"standard_error":322231.8620642489},"median_abs_dev":{"confidence_interval":{"confidence_level":0.95,"lower_bound":1188168.9993707826,"upper_bound":2592968.909325602},"point_estimate":1710739.3441683045,"standard_error":398188.6456886169},"slope":null,"std_dev":{"confidence_interval":{"confidence_level":0.95,"lower_bound":1855261.3574479294,"upper_bound":2319810.427219287},"point_estimate":2128550.2362779197,"standard_error":136421.06128071094}}