{"mean":{"confidence_interval":{"confidence_level":0.95,"lower_bound":12049177.4680625,"upper_bound":12896355.438125},"point_estimate":12437895.7425,"standard_error":259407.54950342188},"median":{"confidence_interval":{"confidence_level":0.95,"lower_bound":10981078.0,"upper_bound":12235961.25},"point_estimate":11303432.75,"standard_error":377944.4133721691},"median_abs_dev":{"confidence_interval":{"confidence_level":0.95,"lower_bound":660077.9804475233,"upper_bound":2307758.038929105},"point_estimate":1152950.1705810428,"standard_error":501352.6415968478},"slope":null,"std_dev":{"confidence_interval":{"confidence_level":0.95,"lower_bound":1964676.9529558562,"upper_bound":2635151.7767693754},"point_estimate":2304432.0569058326,"standard_error":190882.26481441522}}