{"mean":{"confidence_interval":{"confidence_level":0.95,"lower_bound":43771189.658625,"upper_bound":44071646.976375},"point_estimate":43890303.63,"standard_error":76450.37684772543},"median":{"confidence_interval":{"confidence_level":0.95,"lower_bound":43568943.39375,"upper_bound":43685970.59375},"point_estimate":43628232.0,"standard_error":31482.324547998516},"median_abs_dev":{"confidence_interval":{"confidence_level":0.95,"lower_bound":198108.78911286592,"upper_bound":327193.2646686584},"point_estimate":250452.64835357666,"standard_error":38123.08633116035},"slope":null,"std_dev":{"confidence_interval":{"confidence_level":0.95,"lower_bound":523730.742640902,"upper_bound":991670.1309478714},"point_estimate":744850.5551929463,"standard_error":130739.83307990548}}