{"mean":{"confidence_interval":{"confidence_level":0.95,"lower_bound":595547.8691473788,"upper_bound":601632.3370433415},"point_estimate":598199.8653728042,"standard_error":1917.4658942695573},"median":{"confidence_interval":{"confidence_level":0.95,"lower_bound":589444.8297194582,"upper_bound":596854.4104153226},"point_estimate":592993.2325757575,"standard_error":2332.490927985114},"median_abs_dev":{"confidence_interval":{"confidence_level":0.95,"lower_bound":11117.118440201559,"upper_bound":22550.291825003176},"point_estimate":16017.571559774913,"standard_error":3236.850902832232},"slope":{"confidence_interval":{"confidence_level":0.95,"lower_bound":603317.3038984737,"upper_bound":614339.3145367726},"point_estimate":610334.8779547806,"standard_error":2575.4340330801924},"std_dev":{"confidence_interval":{"confidence_level":0.95,"lower_bound":17380.178734779012,"upper_bound":21045.23890731932},"point_estimate":19551.94768721725,"standard_error":1150.4220574775743}}