{"mean":{"confidence_interval":{"confidence_level":0.95,"lower_bound":762269366.4115,"upper_bound":797250818.35875},"point_estimate":779393060.22,"standard_error":8705730.494472468},"median":{"confidence_interval":{"confidence_level":0.95,"lower_bound":736844451.6875,"upper_bound":764484407.5},"point_estimate":744330793.5,"standard_error":7709491.9188661175},"median_abs_dev":{"confidence_interval":{"confidence_level":0.95,"lower_bound":36390187.533167526,"upper_bound":66161656.0986983},"point_estimate":43849396.83661759,"standard_error":9024013.298740473},"slope":null,"std_dev":{"confidence_interval":{"confidence_level":0.95,"lower_bound":80825685.81312963,"upper_bound":103058513.9276893},"point_estimate":91178510.27486745,"standard_error":6366960.216716993}}