{"mean":{"confidence_interval":{"confidence_level":0.95,"lower_bound":375206705.72525,"upper_bound":376131895.13125},"point_estimate":375706271.92,"standard_error":266194.9454353303},"median":{"confidence_interval":{"confidence_level":0.95,"lower_bound":374504630.0,"upper_bound":375063291.7625},"point_estimate":374807737.0,"standard_error":187971.33524429204},"median_abs_dev":{"confidence_interval":{"confidence_level":0.95,"lower_bound":1048731.4355362952,"upper_bound":1800168.755293116},"point_estimate":1413660.5575025082,"standard_error":199173.57378252837},"slope":null,"std_dev":{"confidence_interval":{"confidence_level":0.95,"lower_bound":2462776.1396333417,"upper_bound":3269961.8031751052},"point_estimate":2821448.889317161,"standard_error":244074.45071532874}}