{"mean":{"confidence_interval":{"confidence_level":0.95,"lower_bound":43750668.767000005,"upper_bound":44033661.605},"point_estimate":43861458.105,"standard_error":75000.97102489279},"median":{"confidence_interval":{"confidence_level":0.95,"lower_bound":43571848.0625,"upper_bound":43633410.75},"point_estimate":43607683.0,"standard_error":22383.772398301844},"median_abs_dev":{"confidence_interval":{"confidence_level":0.95,"lower_bound":161435.2888264507,"upper_bound":294162.4013225734},"point_estimate":226175.07378458977,"standard_error":38254.3440943294},"slope":null,"std_dev":{"confidence_interval":{"confidence_level":0.95,"lower_bound":540438.8641328359,"upper_bound":987361.5312728009},"point_estimate":740336.8637231574,"standard_error":127498.36714010064}}