{"mean":{"confidence_interval":{"confidence_level":0.95,"lower_bound":7004362.097178567,"upper_bound":7247583.709999996},"point_estimate":7120846.412857145,"standard_error":81632.42207960096},"median":{"confidence_interval":{"confidence_level":0.95,"lower_bound":7014692.242857143,"upper_bound":7184308.783928571},"point_estimate":7100338.5,"standard_error":51308.61921538102},"median_abs_dev":{"confidence_interval":{"confidence_level":0.95,"lower_bound":437272.4050043629,"upper_bound":731946.3880378541},"point_estimate":585777.1558003769,"standard_error":94573.16467154137},"slope":null,"std_dev":{"confidence_interval":{"confidence_level":0.95,"lower_bound":629917.8404146701,"upper_bound":866173.3684540697},"point_estimate":743684.9524345275,"standard_error":71066.29410601093}}