{"mean":{"confidence_interval":{"confidence_level":0.95,"lower_bound":43693505.5415,"upper_bound":43916177.421375},"point_estimate":43770270.545,"standard_error":68500.69784795241},"median":{"confidence_interval":{"confidence_level":0.95,"lower_bound":43494058.48125,"upper_bound":43582211.71875},"point_estimate":43521427.25,"standard_error":23033.03382058759},"median_abs_dev":{"confidence_interval":{"confidence_level":0.95,"lower_bound":139549.02755375952,"upper_bound":232551.36562138796},"point_estimate":168999.34709966183,"standard_error":31975.310433302748},"slope":null,"std_dev":{"confidence_interval":{"confidence_level":0.95,"lower_bound":553048.2013939954,"upper_bound":874611.7267196177},"point_estimate":718230.1597546692,"standard_error":102214.14464919364}}