{"mean":{"confidence_interval":{"confidence_level":0.95,"lower_bound":4384028.74951923,"upper_bound":5375575.035384614},"point_estimate":4795180.463076923,"standard_error":255562.36244935563},"median":{"confidence_interval":{"confidence_level":0.95,"lower_bound":3053045.8903846154,"upper_bound":4968806.230769231},"point_estimate":4410220.115384615,"standard_error":499506.7174543568},"median_abs_dev":{"confidence_interval":{"confidence_level":0.95,"lower_bound":2166785.6205997504,"upper_bound":3852086.0625118017},"point_estimate":3269767.0955884913,"standard_error":436740.8999218861},"slope":null,"std_dev":{"confidence_interval":{"confidence_level":0.95,"lower_bound":2712500.9085950563,"upper_bound":3184728.1128536854},"point_estimate":2877234.1846470456,"standard_error":188720.38309410078}}