{"mean":{"confidence_interval":{"confidence_level":0.95,"lower_bound":4283172.424615384,"upper_bound":5170760.244615384},"point_estimate":4685800.872307694,"standard_error":261945.8423479921},"median":{"confidence_interval":{"confidence_level":0.95,"lower_bound":3591728.869230769,"upper_bound":5438413.5},"point_estimate":4533937.73076923,"standard_error":643105.6518164151},"median_abs_dev":{"confidence_interval":{"confidence_level":0.95,"lower_bound":2599984.424141051,"upper_bound":3807152.505947992},"point_estimate":3192960.718836692,"standard_error":365326.9222931822},"slope":null,"std_dev":{"confidence_interval":{"confidence_level":0.95,"lower_bound":2197409.727838846,"upper_bound":2729874.667992514},"point_estimate":2520414.4132139906,"standard_error":138513.30072372366}}