{"mean":{"confidence_interval":{"confidence_level":0.95,"lower_bound":753596898.07475,"upper_bound":756528119.885},"point_estimate":754812025.31,"standard_error":802982.2066527441},"median":{"confidence_interval":{"confidence_level":0.95,"lower_bound":751879738.45,"upper_bound":753916747.4875},"point_estimate":752170515.0,"standard_error":562586.4920948452},"median_abs_dev":{"confidence_interval":{"confidence_level":0.95,"lower_bound":3420294.18362014,"upper_bound":6364131.199696586},"point_estimate":4786421.307224035,"standard_error":881884.4769292265},"slope":null,"std_dev":{"confidence_interval":{"confidence_level":0.95,"lower_bound":6130674.760228042,"upper_bound":8012144.565360468},"point_estimate":7068434.264036963,"standard_error":549476.6880785009}}