{"mean":{"confidence_interval":{"confidence_level":0.95,"lower_bound":2122550407.9445,"upper_bound":2129304760.05},"point_estimate":2124503131.09,"standard_error":2021408.23387226},"median":{"confidence_interval":{"confidence_level":0.95,"lower_bound":2121782619.3375,"upper_bound":2129564942.6625},"point_estimate":2124319411.0,"standard_error":2545297.9697111133},"median_abs_dev":{"confidence_interval":{"confidence_level":0.95,"lower_bound":16681797.922588885,"upper_bound":25130395.911171284},"point_estimate":20348490.41814208,"standard_error":2495475.4447267},"slope":null,"std_dev":{"confidence_interval":{"confidence_level":0.95,"lower_bound":17514877.299502067,"upper_bound":22471311.011910368},"point_estimate":19921829.08067398,"standard_error":1322718.6853485922}}