{"mean":{"confidence_interval":{"confidence_level":0.95,"lower_bound":3250239.672604168,"upper_bound":3854078.9553020815},"point_estimate":3554860.880416666,"standard_error":163685.07366036595},"median":{"confidence_interval":{"confidence_level":0.95,"lower_bound":3240248.4515625,"upper_bound":4885722.307291666},"point_estimate":4510352.333333334,"standard_error":464669.0031849537},"median_abs_dev":{"confidence_interval":{"confidence_level":0.95,"lower_bound":916888.0893016699,"upper_bound":2875657.4918453116},"point_estimate":1485059.081947431,"standard_error":563041.1116034454},"slope":null,"std_dev":{"confidence_interval":{"confidence_level":0.95,"lower_bound":1725702.659530609,"upper_bound":1925300.1800860856},"point_estimate":1841321.77238362,"standard_error":57572.90724602537}}