{"mean":{"confidence_interval":{"confidence_level":0.95,"lower_bound":6661174.313535715,"upper_bound":7005784.039285714},"point_estimate":6830584.107142861,"standard_error":78465.8882824853},"median":{"confidence_interval":{"confidence_level":0.95,"lower_bound":6561576.571428571,"upper_bound":6907771.2375},"point_estimate":6759959.642857143,"standard_error":98789.95821906577},"median_abs_dev":{"confidence_interval":{"confidence_level":0.95,"lower_bound":532121.7806804497,"upper_bound":871507.576882647},"point_estimate":701972.4340374989,"standard_error":80885.55385264268},"slope":null,"std_dev":{"confidence_interval":{"confidence_level":0.95,"lower_bound":630939.3098238668,"upper_bound":809219.7905259753},"point_estimate":701864.9664757319,"standard_error":44936.043539927414}}