{"mean":{"confidence_interval":{"confidence_level":0.95,"lower_bound":29704082.541125003,"upper_bound":30204655.30925},"point_estimate":29953481.285,"standard_error":137174.21843495616},"median":{"confidence_interval":{"confidence_level":0.95,"lower_bound":29848560.5,"upper_bound":30096483.9375},"point_estimate":29951862.25,"standard_error":77817.98133785468},"median_abs_dev":{"confidence_interval":{"confidence_level":0.95,"lower_bound":535740.7344099507,"upper_bound":774361.4844073355},"point_estimate":655775.4660576582,"standard_error":60090.308970221005},"slope":null,"std_dev":{"confidence_interval":{"confidence_level":0.95,"lower_bound":625404.6721706119,"upper_bound":2183725.287567941},"point_estimate":1629247.7503017224,"standard_error":518471.46179178514}}