{"mean":{"confidence_interval":{"confidence_level":0.95,"lower_bound":32087437.192625,"upper_bound":32569958.87475},"point_estimate":32285439.835,"standard_error":128072.04929150717},"median":{"confidence_interval":{"confidence_level":0.95,"lower_bound":31825655.69375,"upper_bound":32529164.2625},"point_estimate":32010028.25,"standard_error":189618.58234436397},"median_abs_dev":{"confidence_interval":{"confidence_level":0.95,"lower_bound":1084402.0496030152,"upper_bound":1599496.3469682634},"point_estimate":1416370.0089544058,"standard_error":142589.54249723998},"slope":null,"std_dev":{"confidence_interval":{"confidence_level":0.95,"lower_bound":1201894.369231637,"upper_bound":1565954.052397853},"point_estimate":1385575.4948382268,"standard_error":93970.95020448517}}