{"mean":{"confidence_interval":{"confidence_level":0.95,"lower_bound":31747157.026625,"upper_bound":32381022.373125},"point_estimate":32040795.12,"standard_error":162237.05921306953},"median":{"confidence_interval":{"confidence_level":0.95,"lower_bound":31694331.05,"upper_bound":32607009.98125},"point_estimate":32117484.5,"standard_error":228786.46059816887},"median_abs_dev":{"confidence_interval":{"confidence_level":0.95,"lower_bound":1112542.1492209285,"upper_bound":1941096.1375099048},"point_estimate":1614893.4812799096,"standard_error":255828.28344686897},"slope":null,"std_dev":{"confidence_interval":{"confidence_level":0.95,"lower_bound":1449459.0537668276,"upper_bound":1863520.9061315192},"point_estimate":1632314.983530845,"standard_error":117212.19559589836}}