{"mean":{"confidence_interval":{"confidence_level":0.95,"lower_bound":2185791.7902391297,"upper_bound":2216508.066086955},"point_estimate":2200139.1052173916,"standard_error":7486.074837030225},"median":{"confidence_interval":{"confidence_level":0.95,"lower_bound":2193687.6510869567,"upper_bound":2213851.0173913045},"point_estimate":2208888.8695652178,"standard_error":5497.333862432993},"median_abs_dev":{"confidence_interval":{"confidence_level":0.95,"lower_bound":45421.69101458222,"upper_bound":90409.52654273693},"point_estimate":64890.790182740835,"standard_error":12047.011468409766},"slope":null,"std_dev":{"confidence_interval":{"confidence_level":0.95,"lower_bound":60304.70693502553,"upper_bound":83105.3315341513},"point_estimate":74142.32803969973,"standard_error":5602.146651544847}}