{"mean":{"confidence_interval":{"confidence_level":0.95,"lower_bound":2533160.1786125,"upper_bound":2601792.9688375005},"point_estimate":2572086.3549999995,"standard_error":17948.09547604918},"median":{"confidence_interval":{"confidence_level":0.95,"lower_bound":2517988.84375,"upper_bound":2570479.145},"point_estimate":2541471.4000000004,"standard_error":13704.601214205122},"median_abs_dev":{"confidence_interval":{"confidence_level":0.95,"lower_bound":110684.32109808542,"upper_bound":203031.0191722291},"point_estimate":149653.97492811098,"standard_error":26674.948633542943},"slope":null,"std_dev":{"confidence_interval":{"confidence_level":0.95,"lower_bound":154583.77696714425,"upper_bound":192829.46536836665},"point_estimate":175311.9914297524,"standard_error":11633.610239149995}}