{"mean":{"confidence_interval":{"confidence_level":0.95,"lower_bound":4192196.5274249995,"upper_bound":5293640.485},"point_estimate":4721879.436,"standard_error":323864.3909042735},"median":{"confidence_interval":{"confidence_level":0.95,"lower_bound":2939310.485,"upper_bound":4851388.8},"point_estimate":4140414.75,"standard_error":650308.8115448446},"median_abs_dev":{"confidence_interval":{"confidence_level":0.95,"lower_bound":2126892.8512001038,"upper_bound":4105564.8456716547},"point_estimate":3659588.3953893185,"standard_error":653989.3617500189},"slope":null,"std_dev":{"confidence_interval":{"confidence_level":0.95,"lower_bound":2726887.557286262,"upper_bound":3365263.5287584155},"point_estimate":3070899.3290642756,"standard_error":170611.8936893642}}