{"mean":{"confidence_interval":{"confidence_level":0.95,"lower_bound":18986019.613916665,"upper_bound":19083666.93825},"point_estimate":19032420.493333336,"standard_error":30459.115959257648},"median":{"confidence_interval":{"confidence_level":0.95,"lower_bound":18874384.1,"upper_bound":18959545.691666666},"point_estimate":18920168.5,"standard_error":23644.908909389884},"median_abs_dev":{"confidence_interval":{"confidence_level":0.95,"lower_bound":132969.38168682271,"upper_bound":260416.20202168782},"point_estimate":184420.61072587967,"standard_error":33740.92394859468},"slope":null,"std_dev":{"confidence_interval":{"confidence_level":0.95,"lower_bound":255904.16143341397,"upper_bound":322069.0272270353},"point_estimate":292988.8056123004,"standard_error":18427.185978838243}}