{"mean":{"confidence_interval":{"confidence_level":0.95,"lower_bound":1399631875.85,"upper_bound":1448202294.29125},"point_estimate":1420434435.09,"standard_error":14172150.48165808},"median":{"confidence_interval":{"confidence_level":0.95,"lower_bound":1374884859.7125,"upper_bound":1441316934.0},"point_estimate":1405691868.0,"standard_error":16122461.534328645},"median_abs_dev":{"confidence_interval":{"confidence_level":0.95,"lower_bound":95527742.32013606,"upper_bound":164571359.9219068},"point_estimate":133994195.0659275,"standard_error":18135205.15006175},"slope":null,"std_dev":{"confidence_interval":{"confidence_level":0.95,"lower_bound":117583440.46847303,"upper_bound":167625609.86201116},"point_estimate":148059320.1624619,"standard_error":13280346.968241582}}