{"mean":{"confidence_interval":{"confidence_level":0.95,"lower_bound":11116557.964041667,"upper_bound":12559405.069999995},"point_estimate":11832711.720000003,"standard_error":398556.89038066805},"median":{"confidence_interval":{"confidence_level":0.95,"lower_bound":9783788.28125,"upper_bound":11623092.5},"point_estimate":10441639.75,"standard_error":533209.4089301621},"median_abs_dev":{"confidence_interval":{"confidence_level":0.95,"lower_bound":1200080.8376643066,"upper_bound":3315176.4771701028},"point_estimate":2116126.9267812367,"standard_error":584289.0395047722},"slope":null,"std_dev":{"confidence_interval":{"confidence_level":0.95,"lower_bound":2627118.421668986,"upper_bound":3571315.1007346837},"point_estimate":3169518.543136316,"standard_error":251876.1275362689}}