{"mean":{"confidence_interval":{"confidence_level":0.95,"lower_bound":95435546.75999999,"upper_bound":96304250.3555},"point_estimate":95877703.87,"standard_error":250339.1157595193},"median":{"confidence_interval":{"confidence_level":0.95,"lower_bound":95215011.35,"upper_bound":95975654.6875},"point_estimate":95541043.5,"standard_error":201587.7535821359},"median_abs_dev":{"confidence_interval":{"confidence_level":0.95,"lower_bound":1417252.1559387445,"upper_bound":2645910.9605906904},"point_estimate":2025459.884440899,"standard_error":393756.55229698785},"slope":null,"std_dev":{"confidence_interval":{"confidence_level":0.95,"lower_bound":2509466.672662922,"upper_bound":3588893.216344595},"point_estimate":3160146.2584954677,"standard_error":310836.05310484685}}