{"mean":{"confidence_interval":{"confidence_level":0.95,"lower_bound":12074157.724449998,"upper_bound":12815885.335750004},"point_estimate":12375031.099999998,"standard_error":203098.10792219118},"median":{"confidence_interval":{"confidence_level":0.95,"lower_bound":11354583.924999999,"upper_bound":12314947.059999999},"point_estimate":11841288.100000001,"standard_error":260408.14173370713},"median_abs_dev":{"confidence_interval":{"confidence_level":0.95,"lower_bound":1155674.0625566833,"upper_bound":2076257.773678556},"point_estimate":1797175.3674137609,"standard_error":265381.14514015533},"slope":null,"std_dev":{"confidence_interval":{"confidence_level":0.95,"lower_bound":1683458.5079492661,"upper_bound":2297052.851212194},"point_estimate":1981504.741933817,"standard_error":162903.26323927884}}