{"mean":{"confidence_interval":{"confidence_level":0.95,"lower_bound":738321541.2609999,"upper_bound":741668806.57875},"point_estimate":740176688.78,"standard_error":985238.5840728697},"median":{"confidence_interval":{"confidence_level":0.95,"lower_bound":737007297.575,"upper_bound":742173080.8125},"point_estimate":740325610.0,"standard_error":1423808.4715566884},"median_abs_dev":{"confidence_interval":{"confidence_level":0.95,"lower_bound":9305613.735819831,"upper_bound":15454383.427029848},"point_estimate":12010393.385472894,"standard_error":1470308.7210014835},"slope":null,"std_dev":{"confidence_interval":{"confidence_level":0.95,"lower_bound":9656810.942879668,"upper_bound":12463491.941944784},"point_estimate":11001008.484124798,"standard_error":753034.6642752518}}