{"mean":{"confidence_interval":{"confidence_level":0.95,"lower_bound":4015719.533297621,"upper_bound":4462372.230916668},"point_estimate":4228500.426190477,"standard_error":124182.0086887991},"median":{"confidence_interval":{"confidence_level":0.95,"lower_bound":3343232.285714286,"upper_bound":4068471.666666667},"point_estimate":3784265.833333333,"standard_error":288168.9420896939},"median_abs_dev":{"confidence_interval":{"confidence_level":0.95,"lower_bound":2174181.65257306,"upper_bound":2947611.581469434},"point_estimate":2722511.322065762,"standard_error":305088.7810327277},"slope":null,"std_dev":{"confidence_interval":{"confidence_level":0.95,"lower_bound":2210333.5307515557,"upper_bound":2521948.525875759},"point_estimate":2373145.875302419,"standard_error":90454.0516193729}}