{"mean":{"confidence_interval":{"confidence_level":0.95,"lower_bound":14088639.216937501,"upper_bound":14589788.4731875},"point_estimate":14345162.0525,"standard_error":134341.28775196528},"median":{"confidence_interval":{"confidence_level":0.95,"lower_bound":14037429.80625,"upper_bound":14581229.05625},"point_estimate":14234657.375,"standard_error":169872.28696392107},"median_abs_dev":{"confidence_interval":{"confidence_level":0.95,"lower_bound":921861.7558505572,"upper_bound":1722511.6512718052},"point_estimate":1311056.1143741012,"standard_error":233456.5247372005},"slope":null,"std_dev":{"confidence_interval":{"confidence_level":0.95,"lower_bound":1253560.4020573662,"upper_bound":1571218.5192731104},"point_estimate":1403176.6325620902,"standard_error":89173.23911900712}}