{"mean":{"confidence_interval":{"confidence_level":0.95,"lower_bound":95027628.364,"upper_bound":107074651.1875},"point_estimate":100488974.32,"standard_error":3631284.8233349766},"median":{"confidence_interval":{"confidence_level":0.95,"lower_bound":88843465.5,"upper_bound":101080575.0},"point_estimate":91900384.0,"standard_error":3710220.8284919555},"median_abs_dev":{"confidence_interval":{"confidence_level":0.95,"lower_bound":19734535.205516964,"upper_bound":36334053.4626916},"point_estimate":25228795.88609934,"standard_error":4151530.6539764344},"slope":null,"std_dev":{"confidence_interval":{"confidence_level":0.95,"lower_bound":28352294.539374135,"upper_bound":45918917.96908841},"point_estimate":36682067.093742706,"standard_error":4861596.632401234}}