{"mean":{"confidence_interval":{"confidence_level":0.95,"lower_bound":96052710.47,"upper_bound":97342928.68},"point_estimate":96777181.98,"standard_error":372779.9466255561},"median":{"confidence_interval":{"confidence_level":0.95,"lower_bound":96537148.6875,"upper_bound":97468896.0},"point_estimate":97119488.0,"standard_error":276147.0221171954},"median_abs_dev":{"confidence_interval":{"confidence_level":0.95,"lower_bound":1469858.565102294,"upper_bound":2633190.2157515287},"point_estimate":2129226.3152986765,"standard_error":320228.0282785},"slope":null,"std_dev":{"confidence_interval":{"confidence_level":0.95,"lower_bound":2990540.1173434244,"upper_bound":4353142.739030017},"point_estimate":3753139.878682304,"standard_error":430023.32214521035}}