{"mean":{"confidence_interval":{"confidence_level":0.95,"lower_bound":2588705.4403636367,"upper_bound":3120443.0999772735},"point_estimate":2847138.6927272733,"standard_error":146920.06696616474},"median":{"confidence_interval":{"confidence_level":0.95,"lower_bound":2931230.8863636367,"upper_bound":3785634.816477273},"point_estimate":3579784.5,"standard_error":309594.4098053936},"median_abs_dev":{"confidence_interval":{"confidence_level":0.95,"lower_bound":861556.5137582916,"upper_bound":2111663.6179659315},"point_estimate":1267462.2838753192,"standard_error":429022.5586848708},"slope":null,"std_dev":{"confidence_interval":{"confidence_level":0.95,"lower_bound":1377646.9516429347,"upper_bound":1521063.7436511305},"point_estimate":1468794.715898397,"standard_error":45876.51786104824}}