{"mean":{"confidence_interval":{"confidence_level":0.95,"lower_bound":26674760.162125,"upper_bound":28363312.683500003},"point_estimate":27371402.34,"standard_error":498357.4915164275},"median":{"confidence_interval":{"confidence_level":0.95,"lower_bound":29645026.5,"upper_bound":29945567.05},"point_estimate":29697144.5,"standard_error":83178.43274519828},"median_abs_dev":{"confidence_interval":{"confidence_level":0.95,"lower_bound":700550.7265627384,"upper_bound":1404077.188798897},"point_estimate":1115770.269741118,"standard_error":195534.56317813965},"slope":null,"std_dev":{"confidence_interval":{"confidence_level":0.95,"lower_bound":4166228.7781509673,"upper_bound":5857806.253926035},"point_estimate":5306058.911354481,"standard_error":544227.4638882607}}