{"mean":{"confidence_interval":{"confidence_level":0.95,"lower_bound":163030044.65025002,"upper_bound":196511381.69},"point_estimate":180429267.31,"standard_error":9033634.317017494},"median":{"confidence_interval":{"confidence_level":0.95,"lower_bound":239091414.2375,"upper_bound":241187642.0125},"point_estimate":239805889.5,"standard_error":620222.6965594414},"median_abs_dev":{"confidence_interval":{"confidence_level":0.95,"lower_bound":9614535.586672874,"upper_bound":21429449.963268712},"point_estimate":15649985.806757212,"standard_error":3523068.4326830753},"slope":null,"std_dev":{"confidence_interval":{"confidence_level":0.95,"lower_bound":86933830.51716718,"upper_bound":103672821.61791144},"point_estimate":96177022.78300522,"standard_error":4780352.879396889}}