{"mean":{"confidence_interval":{"confidence_level":0.95,"lower_bound":31003469.43,"upper_bound":31188022.945625},"point_estimate":31096014.685,"standard_error":52234.30298084631},"median":{"confidence_interval":{"confidence_level":0.95,"lower_bound":30800502.9875,"upper_bound":30976753.59375},"point_estimate":30864286.0,"standard_error":41794.515566283415},"median_abs_dev":{"confidence_interval":{"confidence_level":0.95,"lower_bound":180289.2254379765,"upper_bound":436676.64735618973},"point_estimate":290814.57938700914,"standard_error":62136.372284927165},"slope":null,"std_dev":{"confidence_interval":{"confidence_level":0.95,"lower_bound":420845.20757181104,"upper_bound":608187.9216669152},"point_estimate":541826.6524955453,"standard_error":47277.545585137435}}