{"mean":{"confidence_interval":{"confidence_level":0.95,"lower_bound":2238222.19893,"upper_bound":2677763.0847899993},"point_estimate":2445170.2936000004,"standard_error":107240.66511572026},"median":{"confidence_interval":{"confidence_level":0.95,"lower_bound":2778392.6385,"upper_bound":3298284.2509999997},"point_estimate":3194534.26,"standard_error":142070.5633808713},"median_abs_dev":{"confidence_interval":{"confidence_level":0.95,"lower_bound":456140.76503678283,"upper_bound":1294976.695708868},"point_estimate":685649.9741352801,"standard_error":246494.47595477145},"slope":null,"std_dev":{"confidence_interval":{"confidence_level":0.95,"lower_bound":1137466.2338807906,"upper_bound":1279469.722653953},"point_estimate":1220014.082882862,"standard_error":34784.91784318887}}