{"mean":{"confidence_interval":{"confidence_level":0.95,"lower_bound":178021500.67,"upper_bound":210700622.94},"point_estimate":195716288.54,"standard_error":8559697.785900595},"median":{"confidence_interval":{"confidence_level":0.95,"lower_bound":244855183.0,"upper_bound":247905852.525},"point_estimate":245918827.5,"standard_error":761202.6804633456},"median_abs_dev":{"confidence_interval":{"confidence_level":0.95,"lower_bound":8858169.567161053,"upper_bound":22002004.77624133},"point_estimate":14450273.321056366,"standard_error":3379593.8814528184},"slope":null,"std_dev":{"confidence_interval":{"confidence_level":0.95,"lower_bound":83884849.40523373,"upper_bound":102869215.54013628},"point_estimate":95656401.83477071,"standard_error":5505859.572614735}}