{"mean":{"confidence_interval":{"confidence_level":0.95,"lower_bound":4677235.221857142,"upper_bound":5550710.549285714},"point_estimate":5090798.824999998,"standard_error":296184.7839269795},"median":{"confidence_interval":{"confidence_level":0.95,"lower_bound":4271302.142857143,"upper_bound":5340602.817857143},"point_estimate":4701853.464285715,"standard_error":375236.7845924199},"median_abs_dev":{"confidence_interval":{"confidence_level":0.95,"lower_bound":3067047.8938490152,"upper_bound":4167971.5663037132},"point_estimate":3511673.0072053424,"standard_error":388881.0085850278},"slope":null,"std_dev":{"confidence_interval":{"confidence_level":0.95,"lower_bound":2609695.481256467,"upper_bound":2929879.6204891526},"point_estimate":2817335.71197488,"standard_error":101363.9863792394}}