{"mean":{"confidence_interval":{"confidence_level":0.95,"lower_bound":43589519.187125005,"upper_bound":44206693.000250004},"point_estimate":43863620.53,"standard_error":161253.47938050114},"median":{"confidence_interval":{"confidence_level":0.95,"lower_bound":42947665.11875,"upper_bound":44147896.75},"point_estimate":43495598.25,"standard_error":350633.9898796376},"median_abs_dev":{"confidence_interval":{"confidence_level":0.95,"lower_bound":1342635.8088659495,"upper_bound":2099197.809561789},"point_estimate":1728545.888762176,"standard_error":238842.9235820019},"slope":null,"std_dev":{"confidence_interval":{"confidence_level":0.95,"lower_bound":1483751.5875934837,"upper_bound":1825800.1455455143},"point_estimate":1684045.1050590172,"standard_error":100032.87033879399}}