{"mean":{"confidence_interval":{"confidence_level":0.95,"lower_bound":40425447.88087501,"upper_bound":50146726.521375},"point_estimate":45528529.69,"standard_error":2747347.8876113165},"median":{"confidence_interval":{"confidence_level":0.95,"lower_bound":33727575.75,"upper_bound":43640533.475},"point_estimate":37728791.75,"standard_error":2779891.647388339},"median_abs_dev":{"confidence_interval":{"confidence_level":0.95,"lower_bound":14452178.434223793,"upper_bound":25254601.604259945},"point_estimate":18027205.87835312,"standard_error":3174619.599871018},"slope":null,"std_dev":{"confidence_interval":{"confidence_level":0.95,"lower_bound":19260915.505763464,"upper_bound":34149564.16892966},"point_estimate":27986912.409165002,"standard_error":3854715.745627986}}