{"mean":{"confidence_interval":{"confidence_level":0.95,"lower_bound":27218288.351375002,"upper_bound":27754156.274625},"point_estimate":27505346.0,"standard_error":144666.9801802416},"median":{"confidence_interval":{"confidence_level":0.95,"lower_bound":27105536.23125,"upper_bound":27749065.55},"point_estimate":27436284.0,"standard_error":221588.39227091707},"median_abs_dev":{"confidence_interval":{"confidence_level":0.95,"lower_bound":903218.1306784227,"upper_bound":1785304.6434707562},"point_estimate":1126849.3686944246,"standard_error":214759.8668070896},"slope":null,"std_dev":{"confidence_interval":{"confidence_level":0.95,"lower_bound":1155596.8873787755,"upper_bound":1698982.7167228055},"point_estimate":1452731.5912860418,"standard_error":175152.11101003175}}