{"mean":{"confidence_interval":{"confidence_level":0.95,"lower_bound":3173910.2139880946,"upper_bound":3788389.04775},"point_estimate":3437258.867619047,"standard_error":178103.82502322542},"median":{"confidence_interval":{"confidence_level":0.95,"lower_bound":3580115.1904761903,"upper_bound":4661160.417261905},"point_estimate":4251977.476190476,"standard_error":339854.4034400425},"median_abs_dev":{"confidence_interval":{"confidence_level":0.95,"lower_bound":1111176.4363701742,"upper_bound":2596372.618220171},"point_estimate":1817768.2433281634,"standard_error":470592.9976843384},"slope":null,"std_dev":{"confidence_interval":{"confidence_level":0.95,"lower_bound":1717167.075837992,"upper_bound":1901693.0083239225},"point_estimate":1825290.2045683558,"standard_error":51111.501122016794}}