{"mean":{"confidence_interval":{"confidence_level":0.95,"lower_bound":1065115119.36875,"upper_bound":1066459977.89175},"point_estimate":1065763414.24,"standard_error":371460.99649181816},"median":{"confidence_interval":{"confidence_level":0.95,"lower_bound":1064691901.9,"upper_bound":1066140553.55},"point_estimate":1065409581.0,"standard_error":383863.1753462285},"median_abs_dev":{"confidence_interval":{"confidence_level":0.95,"lower_bound":2617348.2273177803,"upper_bound":4814891.581856087},"point_estimate":3340211.7498993874,"standard_error":601445.0497366362},"slope":null,"std_dev":{"confidence_interval":{"confidence_level":0.95,"lower_bound":3089515.0418213205,"upper_bound":4363354.859757294},"point_estimate":3675526.645225159,"standard_error":358078.346331475}}