{"mean":{"confidence_interval":{"confidence_level":0.95,"lower_bound":2474609.101073021,"upper_bound":2861117.735038506},"point_estimate":2632824.4426525314,"standard_error":115985.00265156405},"median":{"confidence_interval":{"confidence_level":0.95,"lower_bound":2781879.8966495357,"upper_bound":3111315.4837925695},"point_estimate":2923243.2188405795,"standard_error":94995.44845338535},"median_abs_dev":{"confidence_interval":{"confidence_level":0.95,"lower_bound":729000.9227584188,"upper_bound":1407078.6365798612},"point_estimate":1150416.719467311,"standard_error":180174.02178004588},"slope":{"confidence_interval":{"confidence_level":0.95,"lower_bound":2601244.784633993,"upper_bound":3075443.649800777},"point_estimate":2903675.249599527,"standard_error":129310.95056730797},"std_dev":{"confidence_interval":{"confidence_level":0.95,"lower_bound":1011119.2358992425,"upper_bound":1207491.1782880484},"point_estimate":1098204.341032352,"standard_error":55536.33755386362}}