{"mean":{"confidence_interval":{"confidence_level":0.95,"lower_bound":375115201.89425004,"upper_bound":376410247.4},"point_estimate":375678477.73,"standard_error":366657.0559022742},"median":{"confidence_interval":{"confidence_level":0.95,"lower_bound":374557536.925,"upper_bound":374994734.0},"point_estimate":374836691.5,"standard_error":117117.93728378142},"median_abs_dev":{"confidence_interval":{"confidence_level":0.95,"lower_bound":1015608.095016852,"upper_bound":1662030.1528930664},"point_estimate":1373468.7548160553,"standard_error":198624.8706356684},"slope":null,"std_dev":{"confidence_interval":{"confidence_level":0.95,"lower_bound":2122416.9109053533,"upper_bound":3209911.0130815483},"point_estimate":2656632.1834620843,"standard_error":342165.56034013943}}