{"mean":{"confidence_interval":{"confidence_level":0.95,"lower_bound":15669473.6375625,"upper_bound":15888343.9713125},"point_estimate":15776616.3975,"standard_error":57704.485476097885},"median":{"confidence_interval":{"confidence_level":0.95,"lower_bound":15646102.015625,"upper_bound":15745259.5},"point_estimate":15698840.125,"standard_error":30314.726740916027},"median_abs_dev":{"confidence_interval":{"confidence_level":0.95,"lower_bound":319661.89772486687,"upper_bound":526914.705571644},"point_estimate":393320.98559215665,"standard_error":59345.80640259503},"slope":null,"std_dev":{"confidence_interval":{"confidence_level":0.95,"lower_bound":450376.4981218891,"upper_bound":691976.3984061035},"point_estimate":579689.533013052,"standard_error":60759.146629578776}}