{"mean":{"confidence_interval":{"confidence_level":0.95,"lower_bound":1863422.6954239134,"upper_bound":2690629.9033804336},"point_estimate":2235705.522608696,"standard_error":201248.49617576844},"median":{"confidence_interval":{"confidence_level":0.95,"lower_bound":889371.610326087,"upper_bound":1819589.8652173902},"point_estimate":950007.1739130435,"standard_error":212172.7756896643},"median_abs_dev":{"confidence_interval":{"confidence_level":0.95,"lower_bound":207287.25130317645,"upper_bound":1656574.0496221038},"point_estimate":315797.7265065131,"standard_error":331608.6913073293},"slope":null,"std_dev":{"confidence_interval":{"confidence_level":0.95,"lower_bound":1697575.9633813526,"upper_bound":1971116.493831133},"point_estimate":1841909.0605069909,"standard_error":87617.62574438336}}