{"mean":{"confidence_interval":{"confidence_level":0.95,"lower_bound":3441837.814285713,"upper_bound":3554919.5703928587},"point_estimate":3497715.133571429,"standard_error":26805.652232348028},"median":{"confidence_interval":{"confidence_level":0.95,"lower_bound":3396462.8499999996,"upper_bound":3490437.214285714},"point_estimate":3441770.5714285714,"standard_error":25352.518538052813},"median_abs_dev":{"confidence_interval":{"confidence_level":0.95,"lower_bound":173959.71757284756,"upper_bound":280121.3667893515},"point_estimate":200038.15999861254,"standard_error":29427.56277343621},"slope":null,"std_dev":{"confidence_interval":{"confidence_level":0.95,"lower_bound":223036.0634846437,"upper_bound":347013.10925947124},"point_estimate":281542.00542812765,"standard_error":35850.60978024061}}