{"mean":{"confidence_interval":{"confidence_level":0.95,"lower_bound":1411836198.68225,"upper_bound":1471421798.9805},"point_estimate":1439035203.16,"standard_error":15375986.842639666},"median":{"confidence_interval":{"confidence_level":0.95,"lower_bound":1381004025.5,"upper_bound":1454018853.0125},"point_estimate":1416060880.0,"standard_error":25693421.22457569},"median_abs_dev":{"confidence_interval":{"confidence_level":0.95,"lower_bound":103746672.06260338,"upper_bound":179843998.88676077},"point_estimate":143061034.46365893,"standard_error":23029960.71396138},"slope":null,"std_dev":{"confidence_interval":{"confidence_level":0.95,"lower_bound":134437668.55116695,"upper_bound":171046769.12515026},"point_estimate":153571317.55894542,"standard_error":10538393.804438205}}