{"mean":{"confidence_interval":{"confidence_level":0.95,"lower_bound":5207396.074024999,"upper_bound":6352028.029000003},"point_estimate":5700341.695999998,"standard_error":362164.63760436955},"median":{"confidence_interval":{"confidence_level":0.95,"lower_bound":3888278.6500000004,"upper_bound":5625139.4},"point_estimate":4596435.05,"standard_error":493386.06603963726},"median_abs_dev":{"confidence_interval":{"confidence_level":0.95,"lower_bound":2166370.142627992,"upper_bound":4041948.2599210744},"point_estimate":2887232.8316813703,"standard_error":533415.6144635698},"slope":null,"std_dev":{"confidence_interval":{"confidence_level":0.95,"lower_bound":2806309.616250537,"upper_bound":3783561.132081372},"point_estimate":3326766.673981967,"standard_error":223505.45181551893}}