{"mean":{"confidence_interval":{"confidence_level":0.95,"lower_bound":14150635.333687501,"upper_bound":14607303.5205625},"point_estimate":14279623.125,"standard_error":117271.8189018793},"median":{"confidence_interval":{"confidence_level":0.95,"lower_bound":13986042.228125,"upper_bound":14456646.7875},"point_estimate":14177398.125,"standard_error":119494.71593923047},"median_abs_dev":{"confidence_interval":{"confidence_level":0.95,"lower_bound":874680.2216888219,"upper_bound":1682595.6677779555},"point_estimate":1255347.605688125,"standard_error":230653.03249457653},"slope":null,"std_dev":{"confidence_interval":{"confidence_level":0.95,"lower_bound":1173439.4919333193,"upper_bound":1492435.7801604331},"point_estimate":1335903.0764541687,"standard_error":99844.54460255729}}