{"mean":{"confidence_interval":{"confidence_level":0.95,"lower_bound":2748344.6505882335,"upper_bound":3392085.181},"point_estimate":3107144.8658823525,"standard_error":149545.03548668275},"median":{"confidence_interval":{"confidence_level":0.95,"lower_bound":1841438.0882352942,"upper_bound":2611895.0948529416},"point_estimate":1951094.6764705882,"standard_error":190941.03388695905},"median_abs_dev":{"confidence_interval":{"confidence_level":0.95,"lower_bound":842528.2937538974,"upper_bound":1773071.1829116938},"point_estimate":1135883.0247575745,"standard_error":223639.0801968894},"slope":null,"std_dev":{"confidence_interval":{"confidence_level":0.95,"lower_bound":1912996.7734548945,"upper_bound":2227151.152434245},"point_estimate":2088000.944080947,"standard_error":103642.87934541529}}