{"mean":{"confidence_interval":{"confidence_level":0.95,"lower_bound":15637121.10275,"upper_bound":15812496.330124998},"point_estimate":15723804.8975,"standard_error":47759.61131986702},"median":{"confidence_interval":{"confidence_level":0.95,"lower_bound":15559009.759375,"upper_bound":15782129.35625},"point_estimate":15618960.375,"standard_error":69833.11884765419},"median_abs_dev":{"confidence_interval":{"confidence_level":0.95,"lower_bound":307126.36668741703,"upper_bound":475366.31218118593},"point_estimate":411062.8888271749,"standard_error":56942.49055013001},"slope":null,"std_dev":{"confidence_interval":{"confidence_level":0.95,"lower_bound":458554.73838390224,"upper_bound":595994.0826306373},"point_estimate":518386.3538295211,"standard_error":42726.758291735474}}