{"mean":{"confidence_interval":{"confidence_level":0.95,"lower_bound":16057173.7679375,"upper_bound":16210273.5725},"point_estimate":16129050.59,"standard_error":41296.53438111373},"median":{"confidence_interval":{"confidence_level":0.95,"lower_bound":16035532.078125,"upper_bound":16215198.765625},"point_estimate":16170197.875,"standard_error":52975.36057090718},"median_abs_dev":{"confidence_interval":{"confidence_level":0.95,"lower_bound":280481.1818892136,"upper_bound":406684.3402242846},"point_estimate":345843.8719600439,"standard_error":37441.446242616},"slope":null,"std_dev":{"confidence_interval":{"confidence_level":0.95,"lower_bound":386549.46649617405,"upper_bound":515822.14274202933},"point_estimate":451939.9371814163,"standard_error":37782.410125762064}}