{"mean":{"confidence_interval":{"confidence_level":0.95,"lower_bound":124885151.933,"upper_bound":126870840.11625},"point_estimate":125839696.55,"standard_error":502270.81213114265},"median":{"confidence_interval":{"confidence_level":0.95,"lower_bound":126389646.5125,"upper_bound":127898022.875},"point_estimate":127043872.0,"standard_error":429333.5522659415},"median_abs_dev":{"confidence_interval":{"confidence_level":0.95,"lower_bound":2887458.223942369,"upper_bound":4671508.115256652},"point_estimate":3796598.275896907,"standard_error":471060.0291866997},"slope":null,"std_dev":{"confidence_interval":{"confidence_level":0.95,"lower_bound":3996845.225389709,"upper_bound":5539014.194916558},"point_estimate":4934977.140131875,"standard_error":378619.8850345884}}