{"mean":{"confidence_interval":{"confidence_level":0.95,"lower_bound":2480992.2415125,"upper_bound":2510998.337225},"point_estimate":2498673.9760000003,"standard_error":8195.90881022299},"median":{"confidence_interval":{"confidence_level":0.95,"lower_bound":2466233.3656249996,"upper_bound":2522092.5906249997},"point_estimate":2487954.025,"standard_error":15034.441980573696},"median_abs_dev":{"confidence_interval":{"confidence_level":0.95,"lower_bound":70378.07929953917,"upper_bound":110761.55343721414},"point_estimate":92837.74167180054,"standard_error":10214.433573881857},"slope":null,"std_dev":{"confidence_interval":{"confidence_level":0.95,"lower_bound":73447.90947124652,"upper_bound":89592.55856863766},"point_estimate":83991.34841552553,"standard_error":4819.384586347987}}