{"mean":{"confidence_interval":{"confidence_level":0.95,"lower_bound":43544854.092,"upper_bound":44154545.61325},"point_estimate":43833813.47,"standard_error":178702.34716261254},"median":{"confidence_interval":{"confidence_level":0.95,"lower_bound":42832057.3,"upper_bound":43981449.775},"point_estimate":43374354.5,"standard_error":364483.1693916724},"median_abs_dev":{"confidence_interval":{"confidence_level":0.95,"lower_bound":1114833.0349015072,"upper_bound":2183422.0160365105},"point_estimate":1768455.6268036366,"standard_error":301269.7021797121},"slope":null,"std_dev":{"confidence_interval":{"confidence_level":0.95,"lower_bound":1603927.8110429232,"upper_bound":2213141.8870601445},"point_estimate":1911617.6828588122,"standard_error":157920.81670408614}}