{"mean":{"confidence_interval":{"confidence_level":0.95,"lower_bound":7070640.793749997,"upper_bound":7259337.97539286},"point_estimate":7139748.647142856,"standard_error":61337.381599854554},"median":{"confidence_interval":{"confidence_level":0.95,"lower_bound":7064370.142857143,"upper_bound":7266632.0},"point_estimate":7161215.5,"standard_error":60952.60261995727},"median_abs_dev":{"confidence_interval":{"confidence_level":0.95,"lower_bound":512046.0082793669,"upper_bound":949997.1846166782},"point_estimate":728427.5243678262,"standard_error":119694.0557071216},"slope":null,"std_dev":{"confidence_interval":{"confidence_level":0.95,"lower_bound":674126.4383334,"upper_bound":852303.4956309886},"point_estimate":765120.5233563373,"standard_error":49857.08800199013}}