{"mean":{"confidence_interval":{"confidence_level":0.95,"lower_bound":3300415.1611315804,"upper_bound":4267812.784210527},"point_estimate":3713357.294210527,"standard_error":265814.3191946729},"median":{"confidence_interval":{"confidence_level":0.95,"lower_bound":2305129.2,"upper_bound":4886140.815789474},"point_estimate":2770028.8947368423,"standard_error":717415.4912590466},"median_abs_dev":{"confidence_interval":{"confidence_level":0.95,"lower_bound":1521628.1265630694,"upper_bound":3502668.7832270404},"point_estimate":2320691.0706258137,"standard_error":507292.3611808795},"slope":null,"std_dev":{"confidence_interval":{"confidence_level":0.95,"lower_bound":2095201.3419788058,"upper_bound":2422297.8728487045},"point_estimate":2309282.969434783,"standard_error":89619.0102113007}}