{"mean":{"confidence_interval":{"confidence_level":0.95,"lower_bound":2922413.0775,"upper_bound":4196277.3275},"point_estimate":3574552.509375,"standard_error":387419.29099298053},"median":{"confidence_interval":{"confidence_level":0.95,"lower_bound":1845097.859375,"upper_bound":2807893.1875},"point_estimate":2097668.96875,"standard_error":306479.90232987545},"median_abs_dev":{"confidence_interval":{"confidence_level":0.95,"lower_bound":553906.3392352592,"upper_bound":2019387.4329362065},"point_estimate":979565.5707467347,"standard_error":444777.1925782905},"slope":null,"std_dev":{"confidence_interval":{"confidence_level":0.95,"lower_bound":2068995.4278636952,"upper_bound":3000149.047525832},"point_estimate":2625998.2405959805,"standard_error":270754.378388291}}