{"mean":{"confidence_interval":{"confidence_level":0.95,"lower_bound":464040263.84925,"upper_bound":570268320.81},"point_estimate":504967361.08,"standard_error":28429583.04899152},"median":{"confidence_interval":{"confidence_level":0.95,"lower_bound":616017755.0,"upper_bound":725913752.0},"point_estimate":723941839.5,"standard_error":26328028.0182263},"median_abs_dev":{"confidence_interval":{"confidence_level":0.95,"lower_bound":5940408.204369174,"upper_bound":177165056.395654},"point_estimate":13307241.37364924,"standard_error":40355627.09413971},"slope":null,"std_dev":{"confidence_interval":{"confidence_level":0.95,"lower_bound":264185153.01044026,"upper_bound":309781667.7657997},"point_estimate":293295146.5583456,"standard_error":12468721.62426896}}