{"mean":{"confidence_interval":{"confidence_level":0.95,"lower_bound":363425644.48,"upper_bound":365336246.96849996},"point_estimate":364213663.38,"standard_error":541414.2510906544},"median":{"confidence_interval":{"confidence_level":0.95,"lower_bound":363589096.55,"upper_bound":364886485.2375},"point_estimate":364271882.5,"standard_error":382307.8056170404},"median_abs_dev":{"confidence_interval":{"confidence_level":0.95,"lower_bound":2755872.5836984813,"upper_bound":5164837.8635407975},"point_estimate":3564432.015618682,"standard_error":624104.8996947032},"slope":null,"std_dev":{"confidence_interval":{"confidence_level":0.95,"lower_bound":4255257.052144925,"upper_bound":6072475.577148717},"point_estimate":5268918.039462225,"standard_error":558093.3991189405}}