{"mean":{"confidence_interval":{"confidence_level":0.95,"lower_bound":790432903.54375,"upper_bound":822466059.6784999},"point_estimate":805776902.29,"standard_error":9111577.447025258},"median":{"confidence_interval":{"confidence_level":0.95,"lower_bound":785014022.0,"upper_bound":824956415.35},"point_estimate":811768237.0,"standard_error":13734291.866383929},"median_abs_dev":{"confidence_interval":{"confidence_level":0.95,"lower_bound":69168930.06500602,"upper_bound":107686552.41379403},"point_estimate":90836220.58783472,"standard_error":9787502.139252324},"slope":null,"std_dev":{"confidence_interval":{"confidence_level":0.95,"lower_bound":72322749.85513209,"upper_bound":87091354.25771295},"point_estimate":80060501.20317598,"standard_error":4369733.597303869}}