{"mean":{"confidence_interval":{"confidence_level":0.95,"lower_bound":7066645.52,"upper_bound":7414604.103468751},"point_estimate":7283902.755,"standard_error":83079.33771912356},"median":{"confidence_interval":{"confidence_level":0.95,"lower_bound":6948243.84375,"upper_bound":7383023.1109375},"point_estimate":7166676.25,"standard_error":104685.14360568358},"median_abs_dev":{"confidence_interval":{"confidence_level":0.95,"lower_bound":695979.0577304644,"upper_bound":1113487.9414422624},"point_estimate":862816.3825694472,"standard_error":104404.90575788324},"slope":null,"std_dev":{"confidence_interval":{"confidence_level":0.95,"lower_bound":798733.8903077769,"upper_bound":1090789.0678777471},"point_estimate":954530.059958587,"standard_error":72296.24335088188}}